u,v
KANPURCENTRA,GOVINDPURI22
GOVINDPURI22,PANKIDHAM53K
PANKIDHAM53K,BHAUPUR95KMH
BHAUPUR95KMH,MAITHA72KMHR
MAITHA72KMHR,ROSHANMAU
ROSHANMAU,PATRA
PATRA,RURA1KMHR
RURA1KMHR,AMBIAPUR175K
AMBIAPUR175K,JHINJHAK138K
JHINJHAK138K,PARAJANIHALT
PARAJANIHALT,KANCHAUSI3KM
KANCHAUSI3KM,PHAPHUND95KM
PHAPHUND95KM,PATA85KMHR
PATA85KMHR,ACHALDA95KMH
ACHALDA95KMH,GHASARAHALT
GHASARAHALT,SAMHON
SAMHON,BHARTHANA120
BHARTHANA120,EKDIL106KMHR
EKDIL106KMHR,ETAWAH72KMHR
ETAWAH72KMHR,ADSBYGOOGLEW
NSCBOSEJGOMO,TELO51KMHR
TELO51KMHR,CHANDRAPURA4
CHANDRAPURA4,BHANDARIDAH2
BHANDARIDAH2,PHUSRO51KMHR
PHUSRO51KMHR,AMLO35KMHR
AMLO35KMHR,BERMO70KMHR
BERMO70KMHR,JARANGDIH
JARANGDIH,BOKAROTHERMA
BOKAROTHERMA,GUMIA70KMHR
GUMIA70KMHR,DUMRIBIHARE7
DUMRIBIHARE7,DANEA74KMHR
DANEA74KMHR,JOGESHWARBIH
JOGESHWARBIH,CHAINPUR52KM
CHAINPUR52KM,KARMAHAT66KM
KARMAHAT66KM,DIGWARHALT
DIGWARHALT,RANCHIROAD1K
RANCHIROAD1K,ARIGADA45KMH
ARIGADA45KMH,BARKAKANA35K
BARKAKANA35K,BHURKUNDA70K
BHURKUNDA70K,PATRATU84KMH
PATRATU84KMH,TOKISUD59KMH
TOKISUD59KMH,HENDEGIR59KM
HENDEGIR59KM,KOLE55KMHR
KOLE55KMHR,RAY83KMHR
RAY83KMHR,ADSBYGOOGLEW
ADSBYGOOGLEW,KHALARI
KHALARI,MCCLUSKIEGAN
MCCLUSKIEGAN,NINDRA
NINDRA,MAHUAMILAN
MAHUAMILAN,TORI
TORI,CHETAR
CHETAR,RICHUGHUTU
RICHUGHUTU,DEMU
DEMU,LATEHAR
LATEHAR,BENDI
BENDI,KUMENDI
KUMENDI,HEHEGARAHALT
HEHEGARAHALT,CHHIPADOHAR
CHHIPADOHAR,BARWADIH
BARWADIH,MANGRA
MANGRA,KECKHI
KECKHI,CHIANKI
CHIANKI,DALTONGANJ
DALTONGANJ,KAJRI
KAJRI,RAJHURA
RAJHURA,LALGARHBIHAR
LALGARHBIHAR,TOLRA
TOLRA,GARWAROAD
GARWAROAD,GARHWA
GARHWA,MERALGRAM
MERALGRAM,RAMNA
RAMNA,NAGARUNTARI
NAGARUNTARI,WYNDHAMGANJ
WYNDHAMGANJ,MAHUARIYA
MAHUARIYA,DUDDHINAGAR
DUDDHINAGAR,JHAROKHAS
JHAROKHAS,MUIRPURROAD
MUIRPURROAD,RENUKUT
RENUKUT,JOGIDIH
JOGIDIH,GURMURA
GURMURA,SALAIBANWA
SALAIBANWA,BILLI
BILLI,CHOPAN
GOMTINAGAR,BADSHAHNAGAR
BADSHAHNAGAR,DALIGANJ51KM
DALIGANJ51KM,MOHIBULLAPUR
MOHIBULLAPUR,BAKSHIKATALA
BAKSHIKATALA,ITAUNJA
ITAUNJA,ATARIA26KMHR
ATARIA26KMHR,MANWA
MANWA,SIDHAULI19KM
SIDHAULI19KM,SURAINCHAHAL
SURAINCHAHAL,KAMLAPUR8KMH
KAMLAPUR8KMH,BARAIJALALPU
BARAIJALALPU,KHAIRATABAD3
KHAIRATABAD3,SITAPUR50KMH
SITAPUR50KMH,BHURJIHABARA
BHURJIHABARA,JHAREKAPUR
JHAREKAPUR,PARSEHRAMAL
PARSEHRAMAL,HARGAON45KMH
HARGAON45KMH,OEL
OEL,KADIPURSANIH
KADIPURSANIH,KHIRITOWN
KHIRITOWN,LAKHIMPUR4KM
LAKHIMPUR4KM,DEOKALI
DEOKALI,PHARADAHAN6K
PHARADAHAN6K,RAZAGANJ
RAZAGANJ,BAHELIABUZUR
BAHELIABUZUR,GOLAGOKARANA
GOLAGOKARANA,BANKEGANJ86K
BANKEGANJ86K,MAILANI89KMH
MAILANI89KMH,ADSBYGOOGLEW
ADSBYGOOGLEW,AKELAHANSPUR
AKELAHANSPUR,SEHRAMAU
SEHRAMAU,KURRAIYA
KURRAIYA,DUDHIYAKHURD
DUDHIYAKHURD,UDAIYAPURKHU
UDAIYAPURKHU,PURANPUR
PURANPUR,PRASADPUR
PRASADPUR,SHAHGARH
SHAHGARH,SANDAI
SANDAI,MALA
MALA,DIYURI
DIYURI,PILIBHIT
VARANASI,BABATPUR65KM
BABATPUR65KM,JAUNPUR76KMH
JAUNPUR76KMH,SHAHGANJ105K
SHAHGANJ105K,AKBARPUR117K
AKBARPUR117K,GOSHAINGANJ1
GOSHAINGANJ1,AYODHYADHAM7
AYODHYADHAM7,RUDAULI87KMH
RUDAULI87KMH,DARYABAD110K
DARYABAD110K,BARABANKI114
BARABANKI114,MALHOUR
MALHOUR,ADSBYGOOGLEW
ADSBYGOOGLEW,LUCKNOW
CSHIVAJIMAHT,DADAR36KMHR
DADAR36KMHR,THANE3KMHR
THANE3KMHR,KALYAN69KMHR
KALYAN69KMHR,KASARA98KMHR
KASARA98KMHR,DEVLALI87KMH
DEVLALI87KMH,NASIKROAD81K
NASIKROAD81K,MANMAD128KMH
MANMAD128KMH,CHALISGAON12
CHALISGAON12,PACHORA117KM
PACHORA117KM,JALGAON99KMH
JALGAON99KMH,BHUSAVAL91KM
BHUSAVAL91KM,SAVDA45KMHR
SAVDA45KMHR,RAVER115KMHR
RAVER115KMHR,BURHANPUR112
BURHANPUR112,NEPANAGAR132
NEPANAGAR132,KHANDWAJUNCT
KHANDWAJUNCT,TALVADYA102K
TALVADYA102K,CHHANERA153K
CHHANERA153K,KHIRKIYA106K
KHIRKIYA106K,HARDA125KMHR
HARDA125KMHR,TIMARNI102KM
TIMARNI102KM,BANAPURA117K
BANAPURA117K,ITARSI408KMH
ITARSI408KMH,NARMADAPURAM
NARMADAPURAM,BUDNI73KMHR
BUDNI73KMHR,OBAIDULLAGAN
OBAIDULLAGAN,MANDIDIP103K
MANDIDIP103K,RANIKAMALAPA
RANIKAMALAPA,BHOPAL38KMHR
BHOPAL38KMHR,VIDISHA97KMH
VIDISHA97KMH,GULABHGANJ11
GULABHGANJ11,GANJBASODA90
GANJBASODA90,MANDIBAMORA1
MANDIBAMORA1,BINA95KMHR
BINA95KMHR,DHAURA112KMH
DHAURA112KMH,LALITPUR122K
LALITPUR122K,TALBAHAT103K
TALBAHAT103K,BASAI32KMHR
BASAI32KMHR,BABINA95KMHR
BABINA95KMHR,VIRANGANALAK
VIRANGANALAK,DATIA114KMHR
DATIA114KMHR,DABRA89KMHR
DABRA89KMHR,GWALIOR128KM
GWALIOR128KM,MORENA101KMH
MORENA101KMH,DHAULPUR107K
DHAULPUR107K,AGRACANTT144
AGRACANTT144,MATHURA108KM
MATHURA108KM,KOSIKALAN100
KOSIKALAN100,PALWAL151KMH
PALWAL151KMH,FARIDABAD83K
FARIDABAD83K,HAZRATNIZAMU
HAZRATNIZAMU,NEWDELHI42KM
NEWDELHI42KM,SUBZIMANDI20
SUBZIMANDI20,NARELA116KMH
NARELA116KMH,SONIPAT116KM
SONIPAT116KM,GANAUR128KMH
GANAUR128KMH,BHODWALMAJRI
BHODWALMAJRI,SAMALKHA83KM
SAMALKHA83KM,PANIPAT126KM
PANIPAT126KM,KARNAL143KMH
KARNAL143KMH,NILOKHERI118
NILOKHERI118,KURUKSHETRA9
KURUKSHETRA9,SHAHBADMARKN
SHAHBADMARKN,AMBALACANT58
AMBALACANT58,AMBALACITY52
AMBALACITY52,RAJPURA82KMH
RAJPURA82KMH,PATIALA40KMH
PATIALA40KMH,NABHA114KMHR
NABHA114KMHR,DHURI103KMHR
DHURI103KMHR,MALERKOTLA89
MALERKOTLA89,AHMADGARH101
AHMADGARH101,GILL
GILL,ADSBYGOOGLEW
ADSBYGOOGLEW,LUDHIANA
LUDHIANA,PHILLAUR
PHILLAUR,GORAYA
GORAYA,PHAGWARA
PHAGWARA,JALANDHARCAN
JALANDHARCAN,JALANDHARCIT
JALANDHARCIT,BEAS
BEAS,JANDIALA
JANDIALA,AMRITSAR
BARWADIH,MANGRA50KMHR
MANGRA50KMHR,KECKHI81KMHR
KECKHI81KMHR,CHIANKI84KMH
CHIANKI84KMH,DALTONGANJ83
DALTONGANJ83,KAJRI87KMHR
KAJRI87KMHR,RAJHURA49KMH
RAJHURA49KMH,LALGARHBIHAR
LALGARHBIHAR,TOLRA14KMHR
TOLRA14KMHR,GARWAROAD70K
GARWAROAD70K,SIGSIGI26KMH
SIGSIGI26KMH,KARKATA66KMH
KARKATA66KMH,UNTAREROAD62
UNTAREROAD62,SATBAHINI58K
SATBAHINI58K,MUHAMMADGANJ
MUHAMMADGANJ,KOSIARA58KMH
KOSIARA58KMH,HAIDARNAGAR9
HAIDARNAGAR9,JAPLA128KMHR
JAPLA128KMHR,KAJRATNAWADI
KAJRATNAWADI,NABINAGARROA
NABINAGARROA,BARKISALALYA
BARKISALALYA,ANKORAHAKORH
ANKORAHAKORH,BAGAHABISHUN
BAGAHABISHUN,SONNAGAR75KM
SONNAGAR75KM,DEHRIONSONE5
DEHRIONSONE5,ADSBYGOOGLEW
GONDA,GONDAKACHAHR
GONDAKACHAHR,MAIJAPUR95KM
MAIJAPUR95KM,COLONELGANJ5
COLONELGANJ5,SARJU68KMHR
SARJU68KMHR,JARWALROAD95
JARWALROAD95,GHAGHARAGHAT
GHAGHARAGHAT,CHOWKAGHAT58
CHOWKAGHAT58,BURHWAL55KMH
BURHWAL55KMH,SUNDHIAMAU87
SUNDHIAMAU87,TAHSILFATEHP
TAHSILFATEHP,PAINTEPUR85K
PAINTEPUR85K,MUNDAGOPALAS
MUNDAGOPALAS,MAHMUDABADAV
MAHMUDABADAV,BABUPUR
BABUPUR,SARAYAN1KMHR
SARAYAN1KMHR,SHANKARPUR
SHANKARPUR,BISWAN
BISWAN,RAMAIPUR106K
RAMAIPUR106K,PARSENDI95KM
PARSENDI95KM,TAPPAKHAJURI
TAPPAKHAJURI,SITAPUR54KMH
SITAPUR54KMH,ADSBYGOOGLEW
GORAKHPUR,KAPTANGANJ10
KAPTANGANJ10,BAGAHA100KMH
BAGAHA100KMH,NARKATIAGANJ
NARKATIAGANJ,BETTIAH104KM
BETTIAH104KM,SAGAULI95KMH
SAGAULI95KMH,BAPUDMMOTIHA
BAPUDMMOTIHA,MUZAFFARPUR1
MUZAFFARPUR1,HAJIPUR99KMH
HAJIPUR99KMH,PATLIPUTRA62
PATLIPUTRA62,ADSBYGOOGLEW
BHUJ,ANJAR126KMHR
ANJAR126KMHR,GANDHIDHAMBG
GANDHIDHAMBG,BHACHAUBG98K
BHACHAUBG98K,SAMAKHIALIBG
SAMAKHIALIBG,HALVAD144KMH
HALVAD144KMH,DHRANGADHRA1
DHRANGADHRA1,VIRAMGAM135K
VIRAMGAM135K,SANAND118KMH
SANAND118KMH,AMBLIROAD166
AMBLIROAD166,CHANDLODIYA9
CHANDLODIYA9,SABARMATI95K
SABARMATI95K,AHMEDABAD25K
AHMEDABAD25K,ADSBYGOOGLEW
ITARSI,GURRA80KMHR
GURRA80KMHR,SONTALAI84KM
SONTALAI84KM,BAGRATAWA68K
BAGRATAWA68K,GURAMKHEDI12
GURAMKHEDI12,SOHAGPUR95KM
SOHAGPUR95KM,PIPARIYA108K
PIPARIYA108K,BANKHEDI131K
BANKHEDI131K,JUNEHTA
JUNEHTA,SALICHAUKARO
SALICHAUKARO,GADARWARA103
GADARWARA103,BOHANI95KMHR
BOHANI95KMHR,KARELI78KMHR
KARELI78KMHR,NARSINGHPUR8
NARSINGHPUR8,GHATPINDRAI9
GHATPINDRAI9,BELKHERA78KM
BELKHERA78KM,KARAKBEL95KM
KARAKBEL95KM,SRIDHAM120KM
SRIDHAM120KM,BIKRAMPUR128
BIKRAMPUR128,BHITONI95KMH
BHITONI95KMH,BHERAGHAT122
BHERAGHAT122,MADANMAHAL10
MADANMAHAL10,JABALPUR38KM
JABALPUR38KM,ADHARTAL45KM
ADHARTAL45KM,DEORI85KMHR
DEORI85KMHR,GOSALPUR138K
GOSALPUR138K,SIHORAROAD10
SIHORAROAD10,DUNDI102KMHR
DUNDI102KMHR,SLEEMANABADR
SLEEMANABADR,SANSARPUR
SANSARPUR,NIWAR9KMHR
NIWAR9KMHR,MADHAVNAGARR
MADHAVNAGARR,KATNI8KMHR
KATNI8KMHR,ADSBYGOOGLEW
MUZAFFARPUR,HAJIPUR1KMHR
HAJIPUR1KMHR,SONPUR40KMHR
SONPUR40KMHR,PATLIPUTRA51
PATLIPUTRA51,DANAPUR41KMH
DANAPUR41KMH,ARA
ARA,BUXAR
BUXAR,PTDEENDAYALU
PTDEENDAYALU,PRAYAGRAJCHH
PRAYAGRAJCHH,MANIKPUR71KM
MANIKPUR71KM,SATNA106KMHR
SATNA106KMHR,ADSBYGOOGLEW
ADSBYGOOGLEW,MAIHAR
MAIHAR,KATNI
KATNI,JABALPUR
JABALPUR,NARSINGHPUR
NARSINGHPUR,PIPARIYA
PIPARIYA,ITARSI
ITARSI,KHANDWAJUNCT
KHANDWAJUNCT,BHUSAVAL
BHUSAVAL,MANMAD
MANMAD,KOPARGAON
KOPARGAON,BELAPUR
BELAPUR,AHILYANAGAR
AHILYANAGAR,DAUNDCHORDLI
DAUNDCHORDLI,HADAPSAR
PALANPUR,DISA99KMHR
DISA99KMHR,BHILDI101KMH
BHILDI101KMH,JENAL63KMHR
JENAL63KMHR,RAMSAN95KMHR
RAMSAN95KMHR,DHANERA95KMH
DHANERA95KMH,JARI95KMHR
JARI95KMHR,DUGDOL
DUGDOL,MARWARRATANP
MARWARRATANP,RANIWARA95KM
RANIWARA95KM,MALWARA84KMH
MALWARA84KMH,MARWARKORI11
MARWARKORI11,MARWARBHINMA
MARWARBHINMA,LEDARMER95KM
LEDARMER95KM,BHEEMPURA70K
BHEEMPURA70K,MODRAN95KMHR
MODRAN95KMHR,BAKRAROAD70K
BAKRAROAD70K,MARWARBAGRA8
MARWARBAGRA8,JAGNATHJIROA
JAGNATHJIROA,JALOR105KMHR
JALOR105KMHR,BISHENGARH81
BISHENGARH81,BALWARA115KM
BALWARA115KM,MOKALSAR120K
MOKALSAR120K,RAKHI83KMHR
RAKHI83KMHR,BAMSIN85KMHR
BAMSIN85KMHR,SAMDHARI11KM
SAMDHARI11KM,AJIT95KMHR
AJIT95KMHR,MAHESHNAGARH
MAHESHNAGARH,DUNDARA23KMH
DUNDARA23KMH,DUDIA70KMHR
DUDIA70KMHR,SUTLANA115KM
SUTLANA115KM,LUNI109KMHR
LUNI109KMHR,HANWANT70KMH
HANWANT70KMH,SALAWAS108KM
SALAWAS108KM,ADSBYGOOGLEW
ADSBYGOOGLEW,BASNI
BASNI,BHAGATKIKOTH
BARAUNI,DALSINGHSARA
DALSINGHSARA,SAMASTIPUR63
SAMASTIPUR63,MUZAFFARPUR9
MUZAFFARPUR9,HAJIPUR99KMH
HAJIPUR99KMH,SONPUR23KMHR
SONPUR23KMHR,CHHAPRA60KMH
CHHAPRA60KMH,SURAIMANPUR6
SURAIMANPUR6,BALLIA90KMHR
BALLIA90KMHR,YUSUFPUR123K
YUSUFPUR123K,GHAZIPURCITY
GHAZIPURCITY,AUNRIHAR75KM
AUNRIHAR75KM,KIRAKAT106KM
KIRAKAT106KM,JAUNPUR46KMH
JAUNPUR46KMH,VARANASI75KM
VARANASI75KM,MIRZAPUR82KM
MIRZAPUR82KM,VINDHYACHAL4
VINDHYACHAL4,PRAYAGRAJCHH
PRAYAGRAJCHH,SHANKARGARH7
SHANKARGARH7,MANIKPUR119K
MANIKPUR119K,SATNA102KMHR
SATNA102KMHR,MAIHAR125KMH
MAIHAR125KMH,KATNI66KMHR
KATNI66KMHR,UMARIA55KMHR
UMARIA55KMHR,SHAHDOL111KM
SHAHDOL111KM,BURHAR120KMH
BURHAR120KMH,ANUPPUR73KMH
ANUPPUR73KMH,PENDRAROAD91
PENDRAROAD91,SALKAROAD
SALKAROAD,ADSBYGOOGLEW
ADSBYGOOGLEW,USLAPUR
USLAPUR,BHATAPARA
BHATAPARA,RAIPUR
RAIPUR,DURG
DURG,RAJNANDGAON
RAJNANDGAON,DONGARGARH
DONGARGARH,SALEKASA
SALEKASA,AMGAON
AMGAON,GONDIA
RAY83KMHR,KHALARI73KMH
KHALARI73KMH,ADSBYGOOGLEW
ADSBYGOOGLEW,MCCLUSKIEGAN
MAILANI89KMH,AKELAHANSPUR
AKELAHANSPUR,SEHRAMAU31KM
SEHRAMAU31KM,ADSBYGOOGLEW
ADSBYGOOGLEW,KURRAIYA
SATNA106KMHR,UNCHHERA
UNCHHERA,ADSBYGOOGLEW
SALAWAS108KM,BASNI86KMHR
BASNI86KMHR,BHAGATKIKOTH
BHAGATKIKOTH,ADSBYGOOGLEW
PENDRAROAD91,USLAPUR77KMH
USLAPUR77KMH,ADSBYGOOGLEW
ADSBYGOOGLEW,BHATAPARA
SEHRAMAU31KM,KURRAIYA
DUDHIYAKHURD,ADSBYGOOGLEW
ADSBYGOOGLEW,UDAIYAPURKHU
BARABANKI114,DILKUSHACABI
DILKUSHACABI,ADSBYGOOGLEW
SATNA106KMHR,MAIHAR104KMH
MAIHAR104KMH,ADSBYGOOGLEW
ADSBYGOOGLEW,KATNI
USLAPUR77KMH,DADHAPARA
DADHAPARA,ADSBYGOOGLEW
SAHARSA,MANSI28KMHR
MANSI28KMHR,KHAGARIA48KM
KHAGARIA48KM,BEGUSARAI46K
BEGUSARAI46K,BARAUNI42KMH
BARAUNI42KMH,DALSINGHSARA
DALSINGHSARA,NARAYANPURAN
NARAYANPURAN,ADSBYGOOGLEW
ADSBYGOOGLEW,SAMASTIPUR13
SAMASTIPUR13,MUZAFFARPUR
MUZAFFARPUR,HAJIPUR
HAJIPUR,SONPUR
SONPUR,CHHAPRA
CHHAPRA,SIWAN
SIWAN,DEORIASADAR
DEORIASADAR,GORAKHPUR
GORAKHPUR,KHALILABAD
KHALILABAD,BASTI
BASTI,GONDA
GONDA,BARABANKI
BARABANKI,BADSHAHNAGAR
BADSHAHNAGAR,AISHBAGH
AISHBAGH,KANPURCENTRA
KANPURCENTRA,ETAWAH
ETAWAH,TUNDLA
TUNDLA,ALIGARH
ALIGARH,GHAZIABAD
GHAZIABAD,ANANDVIHARTE
BADNERA,MURTAJAPUR10
MURTAJAPUR10,BORGAON122KM
BORGAON122KM,AKOLA122KMHR
AKOLA122KMHR,SHEGAON59KMH
SHEGAON59KMH,NANDURA114KM
NANDURA114KM,MALKAPUR85KM
MALKAPUR85KM,BODWAD113KMH
BODWAD113KMH,BHUSAVAL30KM
BHUSAVAL30KM,JALGAON78KMH
JALGAON78KMH,PACHORA125KM
PACHORA125KM,KAJGAON132KM
KAJGAON132KM,CHALISGAON12
CHALISGAON12,NANDGAON76KM
NANDGAON76KM,PANEVADI
PANEVADI,ADSBYGOOGLEW
ADSBYGOOGLEW,MANMAD
MANMAD,LASALGAON
LASALGAON,NIPHAD
NIPHAD,NASIKROAD
JODHPUR,MERTAROAD115
MERTAROAD115,DEGANA102KMH
DEGANA102KMH,CHHOTIKHATU
CHHOTIKHATU,DIDWANA58KMH
DIDWANA58KMH,LADNUN136KMH
LADNUN136KMH,SUJANGARH120
SUJANGARH120,RATANGARH95K
RATANGARH95K,CHURU108KMHR
CHURU108KMHR,SADULPUR100K
SADULPUR100K,LOHARU1KMHR
LOHARU1KMHR,MAHENDRAGARH
MAHENDRAGARH,REWARI71KMHR
REWARI71KMHR,GURGAON31KMH
GURGAON31KMH,DELHICANTT10
DELHICANTT10,DELHI7KMHR
DELHI7KMHR,GHAZIABAD38K
GHAZIABAD38K,HAPUR64KMHR
HAPUR64KMHR,MORADABAD34K
MORADABAD34K,BAREILLYNR
BAREILLYNR,SHAHJEHANPUR
SHAHJEHANPUR,KAURAH
KAURAH,ADSBYGOOGLEW
ADSBYGOOGLEW,HARDOI
HARDOI,LUCKNOW
LUCKNOW,AYODHYACANTT
AYODHYACANTT,AYODHYADHAM
AYODHYADHAM,MANKAPUR
MANKAPUR,BASTI
BASTI,KHALILABAD
KHALILABAD,GORAKHPUR
HATIA,RANCHI27KMHR
RANCHI27KMHR,NAMKOM45KMHR
NAMKOM45KMHR,TATISILWAI83
TATISILWAI83,MURI91KMHR
MURI91KMHR,JHALIDA52KMH
JHALIDA52KMH,KOTSHILA115K
KOTSHILA115K,PUNDAG115KMH
PUNDAG115KMH,BOKAROSTEELC
BOKAROSTEELC,CHANDRAPURA3
CHANDRAPURA3,TELO75KMHR
TELO75KMHR,NSCBOSEJGOMO
NSCBOSEJGOMO,PARASNATH77K
PARASNATH77K,HAZARIBAGHRD
HAZARIBAGHRD,CHAUBE87KMHR
CHAUBE87KMHR,PARSABAD87KM
PARSABAD87KM,KODERMA125KM
KODERMA125KM,PAHARPUR102K
PAHARPUR102K,TANKUPPA95KM
TANKUPPA95KM,GAYA54KMHR
GAYA54KMHR,BELA68KMHR
BELA68KMHR,JEHANABAD107
JEHANABAD107,TAREGNA89KMH
TAREGNA89KMH,PUNPUN54KMHR
PUNPUN54KMHR,PATNA41KMHR
PATNA41KMHR,RAJENDRANAGA
RAJENDRANAGA,PATNASAHEB34
PATNASAHEB34,FATUHA87KMHR
FATUHA87KMHR,KHUSROPUR95K
KHUSROPUR95K,BAKHTIYARPUR
BAKHTIYARPUR,ATHMALGOLA45
ATHMALGOLA45,BARH86KMHR
BARH86KMHR,PUNARAKH106K
PUNARAKH106K,MOKAMA63KMHR
MOKAMA63KMHR,TALLJN
TALLJN,ADSBYGOOGLEW
ADSBYGOOGLEW,HATHIDAHUPPE
HATHIDAHUPPE,NEWBARAUNI
NEWBARAUNI,BEGUSARAI
BEGUSARAI,DANAULIPHLWR
DANAULIPHLWR,LAKHMINIA
LAKHMINIA,SAHIBPURKAMA
SAHIBPURKAMA,KHAGARIA
KHAGARIA,MANSI
MANSI,BADLAGHAT
BADLAGHAT,KOPARIA
KOPARIA,SBHAKHTIYARP
SBHAKHTIYARP,SAHARSA
SAHARSA,DAURAMMADHPU
DAURAMMADHPU,MURLIGANJ
MURLIGANJ,BANMANKHI
BANMANKHI,PURNIACOURT
WADI,SULEHALLI
SULEHALLI,CHITTAPUR70K
CHITTAPUR70K,MALKHAIDROAD
MALKHAIDROAD,SEDAM81KMHR
SEDAM81KMHR,KURGUNTA75KM
KURGUNTA75KM,NAWANDGI95KM
NAWANDGI95KM,MANTATTI95KM
MANTATTI95KM,TANDUR84KMHR
TANDUR84KMHR,RUKMAPUR
RUKMAPUR,DHARUR86KMHR
DHARUR86KMHR,GODAMGURA
GODAMGURA,VIKARABAD57K
VIKARABAD57K,CHITGIDDA
CHITGIDDA,GULLAGUDA
GULLAGUDA,SHANKARPALLI
SHANKARPALLI,NAGALAPALLE9
NAGALAPALLE9,LINGAMPALLI
LINGAMPALLI,HAFIZPETA95K
HAFIZPETA95K,SANATNAGAR
SANATNAGAR,BEGAMPET
BEGAMPET,SECUNDERABAD
SECUNDERABAD,SITAFALMANDI
SITAFALMANDI,ARTSCOLLEGE
ARTSCOLLEGE,JAMAIOSMANIA
JAMAIOSMANIA,VIDYANAGAR
VIDYANAGAR,KACHEGUDA8KM
KACHEGUDA8KM,ADSBYGOOGLEW
PUNE,DAUNDCHORDLI
DAUNDCHORDLI,AHILYANAGAR1
AHILYANAGAR1,KOPARGAON143
KOPARGAON143,MANMAD115KMH
MANMAD115KMH,JALGAON137KM
JALGAON137KM,BHUSAVAL99KM
BHUSAVAL99KM,SHEGAON151KM
SHEGAON151KM,AKOLA149KMHR
AKOLA149KMHR,BADNERA139KM
BADNERA139KM,WARDHA153KMH
WARDHA153KMH,AJNI88KMHR
AJNI88KMHR,ADSBYGOOGLEW
ANANDVIHARTE,SAHIBABAD30K
SAHIBABAD30K,GHAZIABAD12K
GHAZIABAD12K,PILKHUA78KMH
PILKHUA78KMH,HAPUR87KMHR
HAPUR87KMHR,GARHMUKTESAR
GARHMUKTESAR,GAJRAULA90KM
GAJRAULA90KM,AMROHA123KMH
AMROHA123KMH,MORADABAD81K
MORADABAD81K,RAMPUR70KMHR
RAMPUR70KMHR,BAREILLYNR11
BAREILLYNR11,BILPUR119KMH
BILPUR119KMH,SHAHJEHANPUR
SHAHJEHANPUR,ROZA28KMHR
ROZA28KMHR,SITAPURCITY1
SITAPURCITY1,SITAPUR26KMH
SITAPUR26KMH,BISWAN108KMH
BISWAN108KMH,MAHMUDABADAV
MAHMUDABADAV,TAHSILFATEHP
TAHSILFATEHP,BURHWAL95KMH
BURHWAL95KMH,JARWALROAD60
JARWALROAD60,COLONELGANJ6
COLONELGANJ6,GONDA86KMHR
GONDA86KMHR,MANKAPUR69KM
MANKAPUR69KM,MASKANWA95KM
MASKANWA95KM,BABHNAN109KM
BABHNAN109KM,GAUR68KMHR
GAUR68KMHR,BASTI110KMHR
BASTI110KMHR,KHALILABAD11
KHALILABAD11,GORAKHPUR58K
GORAKHPUR58K,PIPRAICH40KM
PIPRAICH40KM,KAPTANGANJ36
KAPTANGANJ36,GHUGHULI88KM
GHUGHULI88KM,SISWABAZAR95
SISWABAZAR95,KHADA112KMHR
KHADA112KMHR,PANIYAHAWA83
PANIYAHAWA83,BAGAHA87KMHR
BAGAHA87KMHR,BHAIROGANJ67
BHAIROGANJ67,HARINAGAR59K
HARINAGAR59K,NARKATIAGANJ
NARKATIAGANJ,CHANPATIA95K
CHANPATIA95K,BETTIAH80KMH
BETTIAH80KMH,MAJHOWALIA42
MAJHOWALIA42,SAGAULI95KMH
SAGAULI95KMH,RAMGARHWA55K
RAMGARHWA55K,RAXAUL69KMHR
RAXAUL69KMHR,ADSBYGOOGLEW
SIRSA,BAJEKAN
BAJEKAN,SUCHANKOTLI1
SUCHANKOTLI1,DING95KMHR
DING95KMHR,BHATTU117KMH
BHATTU117KMH,MANDIADAMPUR
MANDIADAMPUR,JAKHODKHERA1
JAKHODKHERA1,HISAR102KMHR
HISAR102KMHR,RAIPURHARIYA
RAIPURHARIYA,DHANSU65KMHR
DHANSU65KMHR,BARWALA107KM
BARWALA107KM,DAULATPURHRY
DAULATPURHRY,UKLANA26KMHR
UKLANA26KMHR,GAJUWALA
GAJUWALA,PIRTHALALLAU
PIRTHALALLAU,JMLPRSHAIKHA
JMLPRSHAIKHA,KUDNI
KUDNI,JAKHAL24KMHR
JAKHAL24KMHR,GURNAY68KMHR
GURNAY68KMHR,LEHRAGAGA84K
LEHRAGAGA84K,GOVINDGARHKH
GOVINDGARHKH,CHAJLI28KMHR
CHAJLI28KMHR,SUNAMUDHAMSI
SUNAMUDHAMSI,BHARUR
BHARUR,SANGRUR24KMH
SANGRUR24KMH,BAHADURSINGH
BAHADURSINGH,DHURI48KMHR
DHURI48KMHR,HIMMATANA72K
HIMMATANA72K,MALERKOTLA83
MALERKOTLA83,KUP86KMHR
KUP86KMHR,RHRAGHALUGHR
RHRAGHALUGHR,AHMADGARH9KM
AHMADGARH9KM,KILARAIPUR77
KILARAIPUR77,ADSBYGOOGLEW
ADSBYGOOGLEW,GILL
GILL,LUDHIANA
PRAYAGRAJ,FATEHPUR4KMH
FATEHPUR4KMH,KANPURCENTRA
KANPURCENTRA,JHINJHAK98KM
JHINJHAK98KM,ETAWAH130KMH
ETAWAH130KMH,BAH93KMHR
BAH93KMHR,FATEHABAD100
FATEHABAD100,AGRACANTT82K
AGRACANTT82K,MATHURA67KMH
MATHURA67KMH,GOVERDHAN59K
GOVERDHAN59K,DEEG110KMHR
DEEG110KMHR,BRIJNAGAR127
BRIJNAGAR127,GOVINDGARH10
GOVINDGARH10,RAMGARH113KM
RAMGARH113KM,ALWARJUNCTIO
ALWARJUNCTIO,RAJGARH81KMH
RAJGARH81KMH,BANDIKUI128K
BANDIKUI128K,DAUSAJUNCTIO
DAUSAJUNCTIO,GANDHINAGARJ
GANDHINAGARJ,JAIPUR51KMHR
JAIPUR51KMHR,RINGAS102KMH
RINGAS102KMH,SIKAR109KMHR
SIKAR109KMHR,FATEHPURSHEK
FATEHPURSHEK,CHURU103KMHR
CHURU103KMHR,RATANGARH114
RATANGARH114,RAJALDESAR89
RAJALDESAR89,SRIDUNGARGAR
SRIDUNGARGAR,BASA
BASA,ADSBYGOOGLEW
ADSBYGOOGLEW,SUDSAR
SUDSAR,NAPASAR
NAPASAR,BIKANER
BIKANER,LALGARH
SAIRANG,BHAIRABI45KM
BHAIRABI45KM,JAMIRA66KMHR
JAMIRA66KMHR,LALABAZAR92K
LALABAZAR92K,HAILAKANDI69
HAILAKANDI69,BADARPUR39KM
BADARPUR39KM,NEWHAFLONG48
NEWHAFLONG48,HOJAI55KMHR
HOJAI55KMHR,KAMPUR
KAMPUR,ADSBYGOOGLEW
ADSBYGOOGLEW,GUWAHATI
GUWAHATI,KAMAKHYA
KAMAKHYA,GOALPARATOWN
GOALPARATOWN,ABHAYAPURIAS
ABHAYAPURIAS,BILASIPARA
BILASIPARA,GAURIPUR
GAURIPUR,GOLAKGANJ
GOLAKGANJ,TUFANGANJ
TUFANGANJ,NEWCOOCHBEHA
NEWCOOCHBEHA,NEWJALPAIGUR
NEWJALPAIGUR,KISHANGANJ
KISHANGANJ,MALDATOWN
MALDATOWN,NEWFARAKKA
NEWFARAKKA,JANGIPURROAD
JANGIPURROAD,AZIMGANJ
AZIMGANJ,MURSHIDABAD
MURSHIDABAD,BERHAMPORECR
BERHAMPORECR,KRISHNGRCTY
KRISHNGRCTY,NAIHATI
NAIHATI,KOLKATTATERM
VAPI,KARAMBELI
KARAMBELI,BHILAD51KMHR
BHILAD51KMHR,SANJAN115KMH
SANJAN115KMH,UMBARGAMROAD
UMBARGAMROAD,GHOLVAD108KM
GHOLVAD108KM,DAHANUROAD95
DAHANUROAD95,VANGAON113KM
VANGAON113KM,BOISAR75KMHR
BOISAR75KMHR,PALGHAR128KM
PALGHAR128KM,KELVAROAD108
KELVAROAD108,SAPHALE78KMH
SAPHALE78KMH,VAITARNA108K
VAITARNA108K,VIRAR75KMHR
VIRAR75KMHR,BORIVALI82KM
BORIVALI82KM,MUMBAICENTRA
MUMBAICENTRA,ADSBYGOOGLEW
DADAR,KALYAN78KMHR
KALYAN78KMHR,NASIKROAD70K
NASIKROAD70K,BHUSAVAL107K
BHUSAVAL107K,HARDA13KMHR
HARDA13KMHR,ITARSI90KMHR
ITARSI90KMHR,RANIKAMALAPA
RANIKAMALAPA,BINA90KMHR
BINA90KMHR,LALITPUR46KM
LALITPUR46KM,TIKAMGARH106
TIKAMGARH106,KHARGAPUR119
KHARGAPUR119,MAHARAJACHHA
MAHARAJACHHA,KHAJURAHO71K
KHAJURAHO71K,MAHOBA98KMHR
MAHOBA98KMHR,BANDA82KMHR
BANDA82KMHR,CHITRAKOT88K
CHITRAKOT88K,MANIKPUR41KM
MANIKPUR41KM,DABHAURA
DABHAURA,ADSBYGOOGLEW
ADSBYGOOGLEW,PRAYAGRAJ
PRAYAGRAJ,GYANPURROAD
GYANPURROAD,BANARAS
BANARAS,VARANASI
VARANASI,AUNRIHAR
AUNRIHAR,MAU
MAU,BHATNI
BHATNI,DEORIASADAR
FIROZPURCANT,FARIDKOT92KM
FARIDKOT92KM,KOTKAPURA82K
KOTKAPURA82K,BATHINDA103K
BATHINDA103K,MANSA128KMHR
MANSA128KMHR,JAKHAL117KMH
JAKHAL117KMH,DHAMTANSAHIB
DHAMTANSAHIB,JIND95KMHR
JIND95KMHR,SAMARGOPALPU
SAMARGOPALPU,ADSBYGOOGLEW
ADSBYGOOGLEW,ROHTAK
ROHTAK,BAHADURGARH
BAHADURGARH,SHAKURBASTI
SHAKURBASTI,DELHISAFDARJ
DELHISAFDARJ,FARIDABAD
FARIDABAD,MATHURA
MATHURA,AGRACANTT
AGRACANTT,GWALIOR
GWALIOR,VIRANGANALAK
VIRANGANALAK,BINA
BINA,VIDISHA
VIDISHA,BHOPAL
BHOPAL,ITARSI
MANMAD,CHHATRAPATIS
CHHATRAPATIS,JALNA
JALNA,SELU
SELU,PARBHANI
PARBHANI,PURNA
PURNA,NANDED
DARBHANGA,SAMASTIPUR55
SAMASTIPUR55,BARAUNI18KMH
BARAUNI18KMH,KIUL2KMHR
KIUL2KMHR,JHAJHA84KMHR
JHAJHA84KMHR,JASIDIH83KMH
JASIDIH83KMH,MADHUPUR83KM
MADHUPUR83KM,CHITTARANJAN
CHITTARANJAN,DHANBAD68KMH
DHANBAD68KMH,BKSCNORHCABI
BKSCNORHCABI,ADSBYGOOGLEW
ADSBYGOOGLEW,BOKAROSTEELC
BOKAROSTEELC,MURI
MURI,RANCHI
RANCHI,ROURKELA
ROURKELA,JHARSUGUDA
JHARSUGUDA,BILASPUR
BILASPUR,RAIPUR
DURG,GONDIA
GONDIA,WADSA
WADSA,BALHARSHAH
BALHARSHAH,RAMGUNDAM
RAMGUNDAM,KAZIPET
KAZIPET,CHARLAPALLI
BARWADIH,CHHIPADOHAR7
CHHIPADOHAR7,HEHEGARAHALT
HEHEGARAHALT,KUMENDI105KM
KUMENDI105KM,BENDI59KMHR
BENDI59KMHR,LATEHAR70KMH
LATEHAR70KMH,DEMU70KMHR
DEMU70KMHR,ADSBYGOOGLEW
ADSBYGOOGLEW,RICHUGHUTU
RICHUGHUTU,CHETAR
CHETAR,TORI
TORI,MAHUAMILAN
MAHUAMILAN,NINDRA
NINDRA,MCCLUSKIEGAN
MCCLUSKIEGAN,KHALARI
KHALARI,RAY
RAY,KOLE
KOLE,HENDEGIR
HENDEGIR,TOKISUD
TOKISUD,PATRATU
PATRATU,BHURKUNDA
BHURKUNDA,BARKAKANA
BARKAKANA,ARIGADA
ARIGADA,RANCHIROAD
RANCHIROAD,DIGWARHALT
DIGWARHALT,KARMAHAT
KARMAHAT,CHAINPUR
CHAINPUR,JOGESHWARBIH
JOGESHWARBIH,DANEA
DANEA,DUMRIBIHARE
DUMRIBIHARE,GUMIA
GUMIA,BOKAROTHERMA
BOKAROTHERMA,JARANGDIH
JARANGDIH,BERMO
BERMO,AMLO
AMLO,PHUSRO
PHUSRO,BHANDARIDAH
BHANDARIDAH,CHANDRAPURA
CHANDRAPURA,TELO
TELO,NSCBOSEJGOMO
NAGERCOILJUN,VALLIYUR95KM
VALLIYUR95KM,TIRUNELVELI6
TIRUNELVELI6,KOVILPATTI12
KOVILPATTI12,SATUR111KMHR
SATUR111KMHR,VIRUDUNAGAR7
VIRUDUNAGAR7,MADURAI85KMH
MADURAI85KMH,DINDIGUL97KM
DINDIGUL97KM,KARUR125KMHR
KARUR125KMHR,NAMAKKAL108K
NAMAKKAL108K,RASIPURAM114
RASIPURAM114,SALEM103KMHR
SALEM103KMHR,DHARMAPURI76
DHARMAPURI76,HOSUR82KMHR
HOSUR82KMHR,KARMELRAM
KARMELRAM,ADSBYGOOGLEW
ADSBYGOOGLEW,SMVTBENGALUR
GHAZIPURCITY,ANKUSPUR57KM
ANKUSPUR57KM,SAHERI
SAHERI,NANDGANJ35KM
NANDGANJ35KM,BASUCHAK
BASUCHAK,TARAON22KMHR
TARAON22KMHR,SAIYEDPURBHT
SAIYEDPURBHT,AUNRIHAR31KM
AUNRIHAR31KM,RAJAWARI75KM
RAJAWARI75KM,KADIPUR65KMH
KADIPUR65KMH,SARNATH106KM
SARNATH106KM,VARANASICITY
VARANASICITY,VARANASI15KM
VARANASI15KM,LOHTA41KMHR
LOHTA41KMHR,CHAUKHANDI95
CHAUKHANDI95,SEWAPURI83KM
SEWAPURI83KM,KAPSETI78KMH
KAPSETI78KMH,PARSIPUR75KM
PARSIPUR75KM,BHADOHI77KMH
BHADOHI77KMH,MONDH84KMHR
MONDH84KMHR,SURIAWAN49KM
SURIAWAN49KM,ADSBYGOOGLEW
ADSBYGOOGLEW,SARAIKANSRAI
SARAIKANSRAI,JANGHAI
JANGHAI,BARYARAM
BARYARAM,UGRASENPUR
UGRASENPUR,PHULPUR
PHULPUR,SARAICHANDI
SARAICHANDI,THARWAI
THARWAI,PHAPHAMAU
PHAPHAMAU,PRAYAG
PRAYAG,PRAYAGRAJSAN
FALAKNUMA,HUPPUGUDA
HUPPUGUDA,YAKUTPURA
YAKUTPURA,DABIRPURA
DABIRPURA,MALAKPET
MALAKPET,KACHEGUDA95K
KACHEGUDA95K,VIDYANAGAR
VIDYANAGAR,JAMAIOSMANIA
JAMAIOSMANIA,ARTSCOLLEGE
ARTSCOLLEGE,SITAFALMANDI
SITAFALMANDI,SECUNDERABAD
SECUNDERABAD,BEGAMPET
BEGAMPET,SANATNAGAR4K
SANATNAGAR4K,HAFIZPETA
HAFIZPETA,LINGAMPALLI
LINGAMPALLI,NAGALAPALLE
NAGALAPALLE,SHANKARPALLI
SHANKARPALLI,GULLAGUDA104
GULLAGUDA104,CHITGIDDA73K
CHITGIDDA73K,VIKARABAD51K
VIKARABAD51K,ADSBYGOOGLEW
ADSBYGOOGLEW,GODAMGURA
GODAMGURA,DHARUR
DHARUR,RUKMAPUR
RUKMAPUR,TANDUR
TANDUR,MANTATTI
MANTATTI,NAWANDGI
NAWANDGI,KURGUNTA
KURGUNTA,SEDAM
SEDAM,MALKHAIDROAD
MALKHAIDROAD,CHITTAPUR
CHITTAPUR,WADI
RAXAUL,SAGAULI55KMH
SAGAULI55KMH,BAPUDMMOTIHA
BAPUDMMOTIHA,CHAKIA31KMHR
CHAKIA31KMHR,MEHSI57KMHR
MEHSI57KMHR,MUZAFFARPUR2
MUZAFFARPUR2,HAJIPUR76KMH
HAJIPUR76KMH,SONPUR33KMHR
SONPUR33KMHR,PATLIPUTRA47
PATLIPUTRA47,DANAPUR35KMH
DANAPUR35KMH,ARA106KMHR
ARA106KMHR,BUXAR33KMHR
BUXAR33KMHR,GAHMAR
GAHMAR,ADSBYGOOGLEW
ADSBYGOOGLEW,PTDEENDAYALU
PRAYAGRAJCHH,MANIKPUR
MANIKPUR,SATNA
SATNA,JABALPUR
JABALPUR,ITARSI
MANMAD,NASIKROAD
NASIKROAD,IGATPURI
IGATPURI,KALYAN
KALYAN,THANE
THANE,LOKMANYATILA
BARAUNI,SHAHPURPATOR
SHAHPURPATOR,HAJIPUR
SONPUR,PATLIPUTRA3K
PATLIPUTRA3K,BARUNA
BARUNA,ADSBYGOOGLEW
ADSBYGOOGLEW,DANAPUR
DANAPUR,ARA
PTDEENDAYALU,PRAYAGRAJ
PRAYAGRAJ,GOVINDPURI
GOVINDPURI,TUNDLA
TUNDLA,IDGAH
IDGAH,BHARATPUR
BHARATPUR,BANDIKUI
BANDIKUI,DAUSAJUNCTIO
GANDHINAGARJ,JAIPUR
JAIPUR,KISHANGARH
KISHANGARH,AJMER
AJMER,BEAWAR
BEAWAR,MARWAR
MARWAR,FALNA
FALNA,ABUROAD
ABUROAD,PALANPUR
PALANPUR,MAHESANA
MAHESANA,CHANDLODIYAB
CHANDLODIYAB,SURENDRANAGA
SURENDRANAGA,WANKANER
WANKANER,RAJKOT
JAYNAGAR,MADHUBANI105
MADHUBANI105,SAKRI101KMHR
SAKRI101KMHR,DARBHANGA25K
DARBHANGA25K,LAHERIASARAI
LAHERIASARAI,SAMASTIPUR2K
SAMASTIPUR2K,DHOLI70KMHR
DHOLI70KMHR,MUZAFFARPUR8
MUZAFFARPUR8,BHAGWANPUR69
BHAGWANPUR69,HAJIPUR58KMH
HAJIPUR58KMH,SONPUR35KMHR
SONPUR35KMHR,PATLIPUTRA40
PATLIPUTRA40,DANAPUR8KMHR
DANAPUR8KMHR,ARA62KMHR
ARA62KMHR,BARUNA
ADSBYGOOGLEW,BUXAR
SATNA,KATNISOUTH
KATNISOUTH,JABALPUR
SAIRANG,BHAIRABI63KM
BHAIRABI63KM,HAILAKANDI91
HAILAKANDI91,BADARPUR49KM
BADARPUR49KM,NEWHAFLONG56
NEWHAFLONG56,HOJAI6KMHR
HOJAI6KMHR,GUWAHATI103K
GUWAHATI103K,RANGIYA93KMH
RANGIYA93KMH,BARPETAROAD1
BARPETAROAD1,NEWBONGAIGAO
NEWBONGAIGAO,NEWCOOCHBEHA
NEWJALPAIGUR,MALDATOWN76K
MALDATOWN76K,SAHIBGANJ95K
SAHIBGANJ95K,BHAGALPUR90K
BHAGALPUR90K,JAMALPUR91KM
JAMALPUR91KM,PATNA8KMHR
PATNA8KMHR,PTDEENDAYALU
PTDEENDAYALU,KANPURCENTRA
KANPURCENTRA,ACHALDA
ACHALDA,ADSBYGOOGLEW
ADSBYGOOGLEW,ANANDVIHARTE
ERNAKULAM,ERNAKULAMTOW
ERNAKULAMTOW,IDAPALLI55KM
IDAPALLI55KM,KALAMASSERI3
KALAMASSERI3,ALUVA70KMHR
ALUVA70KMHR,CHOVVARA
CHOVVARA,ANGAMALI16KM
ANGAMALI16KM,KARUKKUTTY75
KARUKKUTTY75,KORATTIANGAD
KORATTIANGAD,DIVINENAGARH
DIVINENAGARH,CHALAKUDI6KM
CHALAKUDI6KM,IRINJALAKUDA
IRINJALAKUDA,NELLAYI
NELLAYI,PUDUKAD8KMHR
PUDUKAD8KMHR,OLLUR65KMHR
OLLUR65KMHR,THRISUR65KMH
THRISUR65KMH,PUNKUNNAM95K
PUNKUNNAM95K,ADSBYGOOGLEW
ADSBYGOOGLEW,GURUVAYUR
BRAHMAPUR,ICHCHPURAM39
ICHCHPURAM39,SOMPETA36KMH
SOMPETA36KMH,MANDASAROAD2
MANDASAROAD2,PALASA76KMHR
PALASA76KMHR,PUNDI81KMHR
PUNDI81KMHR,ROUTHPURAMHA
ROUTHPURAMHA,NAUPADA2KMHR
NAUPADA2KMHR,ADSBYGOOGLEW
ADSBYGOOGLEW,DINDUGPURAMH
DINDUGPURAMH,KOTABOMMALI
KOTABOMMALI,HRSCHNDRAPUR
HRSCHNDRAPUR,TILARU
TILARU,URLAM
URLAM,SRIKAKULAMRO
SRIKAKULAMRO,DUSI
DUSI,PONDURU
PONDURU,SIGADAM
SIGADAM,BATUVA
BATUVA,CHIPURUPALLE
CHIPURUPALLE,GARIVIDI
GARIVIDI,NELLIMARIA
NELLIMARIA,VIZIANAGRAM
VIZIANAGRAM,KORUKONDA
KORUKONDA,ALAMANDA
ALAMANDA,KANTAKAPALLE
KANTAKAPALLE,KOTTAVALASA
KOTTAVALASA,PENDURTI
PENDURTI,SIMHACHALAM
SIMHACHALAM,MARRIPALEMHA
MARRIPALEMHA,VISAKHAPATNA
KOLKATTATERM,NAIHATI76KMH
NAIHATI76KMH,KRISHNGRCTY8
KRISHNGRCTY8,BERHAMPORECR
BERHAMPORECR,MURSHIDABAD6
MURSHIDABAD6,AZIMGANJ55KM
AZIMGANJ55KM,JANGIPURROAD
JANGIPURROAD,NEWFARAKKA67
NEWFARAKKA67,MALDATOWN105
MALDATOWN105,KISHANGANJ92
KISHANGANJ92,NEWJALPAIGUR
NEWJALPAIGUR,NEWCOOCHBEHA
NEWCOOCHBEHA,TUFANGANJ21K
TUFANGANJ21K,GOLAKGANJ85K
GOLAKGANJ85K,GAURIPUR49KM
GAURIPUR49KM,BILASIPARA81
BILASIPARA81,ABHAYAPURIAS
ABHAYAPURIAS,GOALPARATOWN
GOALPARATOWN,KAMAKHYA99KM
KAMAKHYA99KM,GUWAHATI28KM
GUWAHATI28KM,BARAHU
BARAHU,ADSBYGOOGLEW
ADSBYGOOGLEW,HOJAI
HOJAI,NEWHAFLONG
NEWHAFLONG,BADARPUR
BADARPUR,HAILAKANDI
HAILAKANDI,LALABAZAR
LALABAZAR,JAMIRA
JAMIRA,BHAIRABI
BHAIRABI,SAIRANG
PILIBHIT,PURANPUR
PURANPUR,MAILANI71KMH
MAILANI71KMH,GOLAGOKARANA
GOLAGOKARANA,LAKHIMPUR120
LAKHIMPUR120,HARGAON100KM
HARGAON100KM,SITAPUR109KM
SITAPUR109KM,SIDHAULI104K
SIDHAULI104K,MOHIBULLAPUR
MOHIBULLAPUR,LUCKNOWCITY3
LUCKNOWCITY3,AISHBAGH17KM
AISHBAGH17KM,LUCKNOW16KMH
LUCKNOW16KMH,BADSHAHNAGAR
BADSHAHNAGAR,GOMTINAGAR45
GOMTINAGAR45,BARABANKI48K
BARABANKI48K,GONDA2KMHR
GONDA2KMHR,BALRAMPUR82K
BALRAMPUR82K,JHARKHANDI
JHARKHANDI,TULSIPUR72KM
TULSIPUR72KM,PACHPERWA62K
PACHPERWA62K,BARHNI102KMH
BARHNI102KMH,SHOHRATGARH1
SHOHRATGARH1,SIDDHARTHNAG
SIDDHARTHNAG,USKABAZAR78K
USKABAZAR78K,BRIDGMANGANJ
BRIDGMANGANJ,ANANDNAGAR10
ANANDNAGAR10,CAMPIERGANJ6
CAMPIERGANJ6,PEPPEGANJ87K
PEPPEGANJ87K,MANIRAM81KMH
MANIRAM81KMH,GORAKHPUR14K
GORAKHPUR14K,ADSBYGOOGLEW
PURATCHITHAL,TIRUVALLUR86
TIRUVALLUR86,ARAKKONAM108
ARAKKONAM108,TIRUTTANI76K
TIRUTTANI76K,PUTTUR120KMH
PUTTUR120KMH,RENIGUNTA63K
RENIGUNTA63K,KODURU123KMH
KODURU123KMH,RAZAMPETA127
RAZAMPETA127,CUDDAPAH123K
CUDDAPAH123K,YERRAGUNTLA1
YERRAGUNTLA1,TADIPATRI100
TADIPATRI100,GOOTY132KMHR
GOOTY132KMHR,GUNTAKAL112K
GUNTAKAL112K,ADONI116KMHR
ADONI116KMHR,MANTHRALAYAM
MANTHRALAYAM,RAICHUR127KM
RAICHUR127KM,KRISHNA113KM
KRISHNA113KM,YADGIR134KMH
YADGIR134KMH,WADI69KMHR
WADI69KMHR,KALABURAGI70
KALABURAGI70,SOLAPUR96KMH
SOLAPUR96KMH,KURDUVADI139
KURDUVADI139,DAUND126KMHR
DAUND126KMHR,PUNE86KMHR
PUNE86KMHR,KHADKI38KMHR
KHADKI38KMHR,DAPODI
DAPODI,ADSBYGOOGLEW
ADSBYGOOGLEW,KALYAN
THANE,DADAR
DADAR,CSHIVAJIMAHT
GORAKHPUR,BASTI41KMHR
BASTI41KMHR,GONDA55KMHR
GONDA55KMHR,LUCKNOW4KMHR
LUCKNOW4KMHR,HARDOI95KMHR
HARDOI95KMHR,SHAHJEHANPUR
SHAHJEHANPUR,BAREILLYNR88
BAREILLYNR88,MORADABAD74K
MORADABAD74K,GAJRAULA
GAJRAULA,ADSBYGOOGLEW
ADSBYGOOGLEW,HAPUR
HAPUR,GHAZIABAD
GHAZIABAD,NEWDELHI
SATNA,SAGMA37KMHR
SAGMA37KMHR,HATI
HATI,JAITWAR1KMHR
JAITWAR1KMHR,KHUTAHA155KM
KHUTAHA155KM,CHITAHRA135K
CHITAHRA135K,MAJHAGAWAN11
MAJHAGAWAN11,TIKARIA54KMH
TIKARIA54KMH,MARKUNDI31KM
MARKUNDI31KM,ADSBYGOOGLEW
ADSBYGOOGLEW,BANSAPAHAR
BANSAPAHAR,MANIKPUR
TELO51KMHR,CHANDRAPURA7
CHANDRAPURA7,BHANDARIDAH6
BHANDARIDAH6,PHUSRO51KMHR
PHUSRO51KMHR,AMLO24KMHR
AMLO24KMHR,BERMO55KMHR
BERMO55KMHR,JARANGDIH
GUMIA70KMHR,DUMRIBIHARE8
DUMRIBIHARE8,DANEA74KMHR
JOGESHWARBIH,CHAINPUR62KM
CHAINPUR62KM,KARMAHAT66KM
KARMAHAT66KM,ADSBYGOOGLEW
ADSBYGOOGLEW,DIGWARHALT
DIGWARHALT,RANCHIROAD
RANCHIROAD,ARIGADA
ARIGADA,BARKAKANA
BARKAKANA,BHURKUNDA
BHURKUNDA,PATRATU
PATRATU,TOKISUD
TOKISUD,HENDEGIR
HENDEGIR,KOLE
KOLE,RAY
RAY,KHALARI
UDHNA,CHALTHAN45KM
CHALTHAN45KM,BARDOLI109KM
BARDOLI109KM,NANDURBAR5KM
NANDURBAR5KM,AMALNER129KM
AMALNER129KM,JALGAON93KMH
JALGAON93KMH,BHUSAVAL75KM
BHUSAVAL75KM,KHANDWAJUNCT
KHANDWAJUNCT,ITARSI121KMH
ITARSI121KMH,JABALPUR56KM
JABALPUR56KM,KATNI54KMHR
KATNI54KMHR,SATNA81KMHR
SATNA81KMHR,MANIKPUR45KM
MANIKPUR45KM,PRAYAGRAJCHH
PRAYAGRAJCHH,MIRZAPUR86KM
MIRZAPUR86KM,PTDEENDAYALU
PTDEENDAYALU,SASARAM82KMH
SASARAM82KMH,DEHRIONSONE8
DEHRIONSONE8,GAYA105KMHR
GAYA105KMHR,PAHARPUR
PAHARPUR,ADSBYGOOGLEW
ADSBYGOOGLEW,KODERMA
KODERMA,HAZARIBAGHRD
HAZARIBAGHRD,PARASNATH
PARASNATH,NSCBOSEJGOMO
NSCBOSEJGOMO,DHANBAD
VAISHALI,HAJIPUR48KMH
HAJIPUR48KMH,SONPUR55KMHR
SONPUR55KMHR,PATLIPUTRA43
PATLIPUTRA43,PATNA54KMHR
PATNA54KMHR,RAJENDRANAGA
RAJENDRANAGA,ADSBYGOOGLEW
ADSBYGOOGLEW,FATUHA
FATUHA,BAKHTIYARPUR
BAKHTIYARPUR,BIHARSHARIF
BIHARSHARIF,NALANDA
NALANDA,RAJGIR
RAJGIR,TILAYA
TILAYA,GAYA
GAYA,GURPA
GURPA,KODERMA
ITARSI,GURRA74KMHR
GURRA74KMHR,SONTALAI95KM
SONTALAI95KM,BAGRATAWA84K
BAGRATAWA84K,GURAMKHEDI95
GURAMKHEDI95,SOHAGPUR95KM
SOHAGPUR95KM,PIPARIYA
PIPARIYA,BANKHEDI68KM
BANKHEDI68KM,JUNEHTA
GADARWARA103,BOHANI88KMHR
BOHANI88KMHR,KARELI120KMH
KARELI120KMH,NARSINGHPUR1
NARSINGHPUR1,GHATPINDRAI8
GHATPINDRAI8,BELKHERA58KM
BELKHERA58KM,KARAKBEL78KM
KARAKBEL78KM,SRIDHAM102KM
SRIDHAM102KM,ADSBYGOOGLEW
ADSBYGOOGLEW,BIKRAMPUR
BIKRAMPUR,BHITONI
BHITONI,BHERAGHAT
BHERAGHAT,MADANMAHAL
MADANMAHAL,JABALPUR
JABALPUR,ADHARTAL
ADHARTAL,DEORI
DEORI,GOSALPUR
GOSALPUR,SIHORAROAD
SIHORAROAD,DUNDI
DUNDI,SLEEMANABADR
SANSARPUR,NIWAR
NIWAR,MADHAVNAGARR
MADHAVNAGARR,KATNI
BALLIA,SAGARPALI
SAGARPALI,PHEPHNA45KMH
PHEPHNA45KMH,CHITBARAGAON
CHITBARAGAON,TAJPURDEHMA
TAJPURDEHMA,KARIMUDDINPU
KARIMUDDINPU,DHONDHADIH
DHONDHADIH,YUSUFPUR42KM
YUSUFPUR42KM,SHAHBAZKULI
SHAHBAZKULI,FATEHPURATWA
FATEHPURATWA,GHAZIPURGHAT
GHAZIPURGHAT,GHAZIPURCITY
GHAZIPURCITY,ANKUSPUR68KM
ANKUSPUR68KM,SAHERI
SAHERI,NANDGANJ9KMH
NANDGANJ9KMH,BASUCHAK
BASUCHAK,TARAON5KMHR
TARAON5KMHR,SAIYEDPURBHT
SAIYEDPURBHT,AUNRIHAR45KM
AUNRIHAR45KM,SIDHAOUNARAM
SIDHAOUNARAM,RAJAWARI2KMH
RAJAWARI2KMH,KADIPUR41KMH
KADIPUR41KMH,ADSBYGOOGLEW
ADSBYGOOGLEW,SARNATH
SARNATH,VARANASICITY
VARANASICITY,VARANASI
VARANASI,BANARAS
BANARAS,BHULANPUR
BHULANPUR,HARDATTPUR
HARDATTPUR,RAJATALAB
RAJATALAB,BAHERWAHALT
BAHERWAHALT,NIGATPUR
NIGATPUR,KACHHWAROAD
KACHHWAROAD,KATKA
KATKA,MADHOSINGH
MADHOSINGH,AHIMANPUR
AHIMANPUR,ALMAW
ALMAW,GYANPURROAD
GYANPURROAD,SARAIJAGDISH
SARAIJAGDISH,JANGIGANJ
JANGIGANJ,ATRAURA
ATRAURA,BHITI
BHITI,HANDIAKHAS
HANDIAKHAS,SAIDABAD
SAIDABAD,RAMNATHPUR
RAMNATHPUR,JHUSI
JHUSI,PRAYAGRAJRAM
JAYNAGAR,MADHUBANI98K
MADHUBANI98K,DARBHANGA2KM
DARBHANGA2KM,SAMASTIPUR32
SAMASTIPUR32,BARAUNI20KMH
BARAUNI20KMH,MOKAMA23KMHR
MOKAMA23KMHR,BAKHTIYARPUR
BAKHTIYARPUR,PATNA42KMHR
PATNA42KMHR,DANAPUR16KMH
DANAPUR16KMH,ARA103KMHR
ARA103KMHR,BUXAR32KMHR
BUXAR32KMHR,PTDEENDAYALU
PTDEENDAYALU,PRAYAGRAJ86K
PRAYAGRAJ86K,KANPURCENTRA
KANPURCENTRA,GHAZIABAD
GHAZIABAD,ADSBYGOOGLEW
BULANDSHAHR,BARAL87KMHR
BARAL87KMHR,CHHAPRAWAT
CHHAPRAWAT,GULAOTHI1KMH
GULAOTHI1KMH,HAFIZPUR72KM
HAFIZPUR72KM,HAPUR55KMHR
HAPUR55KMHR,KASTLAKASAMB
KASTLAKASAMB,PILKHUA
PILKHUA,DASNA71KMHR
DASNA71KMHR,ADHYATMIKNAG
ADHYATMIKNAG,MAHRAULI2KMH
MAHRAULI2KMH,ADSBYGOOGLEW
ADSBYGOOGLEW,GHAZIABAD
GHAZIABAD,SAHIBABAD
SAHIBABAD,VIVEKAVIHAR
VIVEKAVIHAR,DELHISHAHDAR
DELHISHAHDAR,DELHI
DELHI,SADARBAZAR
SADARBAZAR,NEWDELHI
NEWDELHI,SHIVAJIBRIDG
SHIVAJIBRIDG,TILAKBRIDGE
TIRUCHCHIRAP,PONMALAI25KM
PONMALAI25KM,MANJATTIDAL
MANJATTIDAL,TIRUVERUMBUR
TIRUVERUMBUR,TONDAMANPATT
TONDAMANPATT,SOLAGAMPATTI
SOLAGAMPATTI,AIYANAPURAM
AIYANAPURAM,BUDALUR37KMH
BUDALUR37KMH,ALAKKUDI109K
ALAKKUDI109K,THANJAVUR66K
THANJAVUR66K,TITTE86KMHR
TITTE86KMHR,PASUPATIKOVI
PASUPATIKOVI,AYYAMPET
AYYAMPET,PANDARAVADAI
PANDARAVADAI,PAPANASAM
PAPANASAM,SUNDARAPERUM
SUNDARAPERUM,SWAMIMALAI
SWAMIMALAI,DARASURAM
DARASURAM,KUMBAKONAM28
KUMBAKONAM28,TIRUNAGESVAR
TIRUNAGESVAR,TIRUVIDALMAR
TIRUVIDALMAR,ADUTURAI12KM
ADUTURAI12KM,ADSBYGOOGLEW
ADSBYGOOGLEW,NARASINGAMPE
NARASINGAMPE,KUTTALAM
KUTTALAM,MAYILADUTURA
HAZRATNIZAMU,MATHURA155KM
MATHURA155KM,SAWAIMADHOPU
SAWAIMADHOPU,KOTA170KMHR
KOTA170KMHR,RATLAM16KMHR
RATLAM16KMHR,DAHOD123KMHR
DAHOD123KMHR,VADODARA115K
VADODARA115K,BHARUCH149KM
BHARUCH149KM,SURAT135KMHR
SURAT135KMHR,VALSAD128KMH
VALSAD128KMH,VAPI108KMHR
VAPI108KMHR,SAPHALE
SAPHALE,ADSBYGOOGLEW
ADSBYGOOGLEW,BORIVALI
BORIVALI,MUMBAICENTRA
DARBHANGA,SAMASTIPUR42
SAMASTIPUR42,MUZAFFARPUR1
MUZAFFARPUR1,HAJIPUR67KMH
HAJIPUR67KMH,CHHAPRA61KMH
CHHAPRA61KMH,BALLIA77KMHR
BALLIA77KMHR,GHAZIPURCITY
GHAZIPURCITY,VARANASI79KM
VARANASI79KM,PRAYAGRAJ77K
PRAYAGRAJ77K,MANAURI
MANAURI,ADSBYGOOGLEW
ADSBYGOOGLEW,GOVINDPURI
GOVINDPURI,ANANDVIHARTE
HAZRATNIZAMU,MATHURA75KMH
MATHURA75KMH,SAWAIMADHOPU
SAWAIMADHOPU,KOTA109KMHR
KOTA109KMHR,NAGDA127KMHR
NAGDA127KMHR,RATLAM63KMHR
RATLAM63KMHR,VADODARA120K
VADODARA120K,SURAT123KMHR
SURAT123KMHR,UDHNA
UDHNA,ADSBYGOOGLEW
ADSBYGOOGLEW,VASAIROAD
VASAIROAD,THANE
SANTRAGACHI,KHARAGPUR74K
KHARAGPUR74K,BALASORE74KM
BALASORE74KM,BHADRAKH22KM
BHADRAKH22KM,CUTTACK4KMHR
CUTTACK4KMHR,BHUBANESWAR6
BHUBANESWAR6,KHURDAROAD71
KHURDAROAD71,BRAHMAPUR130
BRAHMAPUR130,VIZIANAGRAM9
VIZIANAGRAM9,DUVVADA70KMH
DUVVADA70KMH,SAMALKOT
SAMALKOT,ADSBYGOOGLEW
ADSBYGOOGLEW,VIJAYAWADA
VIJAYAWADA,GUNTUR
GUNTUR,NARASARAOPET
NARASARAOPET,MARKAPURROAD
MARKAPURROAD,GIDDALUR
GIDDALUR,NANDYAL
NANDYAL,DHONE
DHONE,GOOTY
GOOTY,ANANTAPUR
ANANTAPUR,DHARMAVARAM
DHARMAVARAM,SAIPNILAYAM
SAIPNILAYAM,HINDUPUR
HINDUPUR,YELAHANKA
MUMBAICENTRA,BORIVALI3KMH
BORIVALI3KMH,SURAT86KMHR
SURAT86KMHR,VADODARA99KM
VADODARA99KM,RATLAM111KMH
RATLAM111KMH,NAGDA86KMHR
NAGDA86KMHR,ADSBYGOOGLEW
ADSBYGOOGLEW,KOTA
KOTA,MATHURA
MATHURA,NEWDELHI
NEWDELHI,MATHURA6KMHR
MATHURA6KMHR,KOTA122KMHR
KOTA122KMHR,NAGDA108KMHR
NAGDA108KMHR,RATLAM57KMHR
RATLAM57KMHR,ADSBYGOOGLEW
ADSBYGOOGLEW,VADODARA
VADODARA,SURAT
SURAT,BORIVALI
CHANDIGARH,AMBALACANT10
AMBALACANT10,SAHARANPUR10
SAHARANPUR10,MEERUTCITY92
MEERUTCITY92,GHAZIABAD31K
GHAZIABAD31K,HAZRATNIZAMU
HAZRATNIZAMU,KOTA82KMHR
KOTA82KMHR,RATLAM16KMHR
RATLAM16KMHR,VADODARA120K
VADODARA120K,UDHNA88KMHR
UDHNA88KMHR,VANGAON
VANGAON,ADSBYGOOGLEW
VASAIROAD,PANVEL
PANVEL,ROHA
ROHA,RATNAGIRI
RATNAGIRI,THIVIM
THIVIM,MADGAONJUNCT
MADGAONJUNCT,KARWAR
KARWAR,KUMTA
KUMTA,MOOKAMBIKARO
MOOKAMBIKARO,KUNDAPURA
KUNDAPURA,UDUPI
UDUPI,MANGALOREJUN
MANGALOREJUN,KASARAGOD
KASARAGOD,KANNUR
KANNUR,KOZHIKKODE
KOZHIKKODE,SHORANUR
SHORANUR,THRISUR
THRISUR,ALUVA
ALUVA,ERNAKULAMTOW
ERNAKULAMTOW,KOTTAYAM
KOTTAYAM,CHENGANNUR
CHENGANNUR,KAYANKULAM
KAYANKULAM,KOLLAM
KOLLAM,VARKALA
VARKALA,THIRUVANANTH
HAZRATNIZAMU,KOTA93KMHR
KOTA93KMHR,RATLAM18KMHR
RATLAM18KMHR,VADODARA118K
VADODARA118K,UDHNA100KMHR
UDHNA100KMHR,VASAIROAD119
VASAIROAD119,PANVEL74KMHR
PANVEL74KMHR,ROHA102KMHR
ROHA102KMHR,RATNAGIRI66K
RATNAGIRI66K,THIVIM69KMHR
THIVIM69KMHR,MADGAONJUNCT
MADGAONJUNCT,KARWAR104KMH
KARWAR104KMH,KUMTA120KMHR
KUMTA120KMHR,MOOKAMBIKARO
MOOKAMBIKARO,KUNDAPURA8KM
KUNDAPURA8KM,UDUPI114KMHR
UDUPI114KMHR,MANGALOREJUN
MANGALOREJUN,KASARAGOD107
KASARAGOD107,KANNUR108KMH
KANNUR108KMH,KOZHIKKODE96
KOZHIKKODE96,KALLAYI
KALLAYI,ADSBYGOOGLEW
ADSBYGOOGLEW,SHORANUR
REWA,SATNA75KMHR
SATNA75KMHR,KATNI103KMHR
KATNI103KMHR,JABALPUR60KM
JABALPUR60KM,PIPARIYA9KMH
PIPARIYA9KMH,ITARSI32KMHR
ITARSI32KMHR,KHANDWAJUNCT
KHANDWAJUNCT,BHUSAVAL79KM
BHUSAVAL79KM,PARDHADE
PARDHADE,ADSBYGOOGLEW
NASIKROAD,KALYAN
KALYAN,CSHIVAJIMAHT
ITARSI,GURRA68KMHR
GURRA68KMHR,SONTALAI84KM
SONTALAI84KM,BAGRATAWA84K
SOHAGPUR95KM,PIPARIYA126K
PIPARIYA126K,BANKHEDI131K
BOHANI88KMHR,KARELI
KARELI,NARSINGHPUR2
NARSINGHPUR2,GHATPINDRAI
GHATPINDRAI,BELKHERA6KMH
BELKHERA6KMH,KARAKBEL78KM
SRIDHAM102KM,BIKRAMPUR115
BIKRAMPUR115,BHITONI87KMH
BHITONI87KMH,BHERAGHAT112
BHERAGHAT112,MADANMAHAL11
MADANMAHAL11,JABALPUR28KM
JABALPUR28KM,ADHARTAL75KM
ADHARTAL75KM,DEORI77KMHR
DEORI77KMHR,GOSALPUR106K
GOSALPUR106K,SIHORAROAD95
SIHORAROAD95,DUNDI110KMHR
DUNDI110KMHR,SLEEMANABADR
SLEEMANABADR,ADSBYGOOGLEW
ADSBYGOOGLEW,SANSARPUR
