station_code,station_name,lat,lon,zone
KANPURCENTRA,Kanpurcentra,20.0,78.0,
GOVINDPURI22,Govindpuri22,20.5,78.0,
PANKIDHAM53K,Pankidham53K,21.0,78.0,
BHAUPUR95KMH,Bhaupur95Kmh,21.5,78.0,
MAITHA72KMHR,Maitha72Kmhr,22.0,78.0,
ROSHANMAU,Roshanmau,22.5,78.0,
PATRA,Patra,23.0,78.0,
RURA1KMHR,Rura1Kmhr,23.5,78.0,
AMBIAPUR175K,Ambiapur175K,24.0,78.0,
JHINJHAK138K,Jhinjhak138K,24.5,78.0,
PARAJANIHALT,Parajanihalt,25.0,78.0,
KANCHAUSI3KM,Kanchausi3Km,25.5,78.0,
PHAPHUND95KM,Phaphund95Km,26.0,78.0,
PATA85KMHR,Pata85Kmhr,26.5,78.0,
ACHALDA95KMH,Achalda95Kmh,27.0,78.0,
GHASARAHALT,Ghasarahalt,27.5,78.0,
SAMHON,Samhon,28.0,78.0,
BHARTHANA120,Bharthana120,28.5,78.0,
EKDIL106KMHR,Ekdil106Kmhr,29.0,78.0,
ETAWAH72KMHR,Etawah72Kmhr,29.5,78.0,
ADSBYGOOGLEW,Adsbygooglew,30.0,78.0,
NSCBOSEJGOMO,Nscbosejgomo,20.0,78.0,
TELO51KMHR,Telo51Kmhr,20.15873015873016,78.0,
CHANDRAPURA4,Chandrapura4,20.31746031746032,78.0,
BHANDARIDAH2,Bhandaridah2,20.476190476190474,78.0,
PHUSRO51KMHR,Phusro51Kmhr,20.63492063492064,78.0,
AMLO35KMHR,Amlo35Kmhr,20.793650793650794,78.0,
BERMO70KMHR,Bermo70Kmhr,20.95238095238096,78.0,
JARANGDIH,Jarangdih,21.11111111111111,78.0,
BOKAROTHERMA,Bokarotherma,21.26984126984127,78.0,
GUMIA70KMHR,Gumia70Kmhr,21.428571428571427,78.0,
DUMRIBIHARE7,Dumribihare7,21.58730158730159,78.0,
DANEA74KMHR,Danea74Kmhr,21.746031746031747,78.0,
JOGESHWARBIH,Jogeshwarbih,21.904761904761905,78.0,
CHAINPUR52KM,Chainpur52Km,22.063492063492063,78.0,
KARMAHAT66KM,Karmahat66Km,22.22222222222222,78.0,
DIGWARHALT,Digwarhalt,22.38095238095238,78.0,
RANCHIROAD1K,Ranchiroad1K,22.539682539682538,78.0,
ARIGADA45KMH,Arigada45Kmh,22.6984126984127,78.0,
BARKAKANA35K,Barkakana35K,22.857142857142858,78.0,
BHURKUNDA70K,Bhurkunda70K,23.015873015873016,78.0,
PATRATU84KMH,Patratu84Kmh,23.17460317460317,78.0,
TOKISUD59KMH,Tokisud59Kmh,23.33333333333333,78.0,
HENDEGIR59KM,Hendegir59Km,23.49206349206349,78.0,
KOLE55KMHR,Kole55Kmhr,23.65079365079365,78.0,
RAY83KMHR,Ray83Kmhr,23.80952380952381,78.0,
KHALARI,Khalari,24.126984126984127,78.0,
MCCLUSKIEGAN,Mccluskiegan,24.285714285714285,78.0,
NINDRA,Nindra,24.444444444444443,78.0,
MAHUAMILAN,Mahuamilan,24.6031746031746,78.0,
TORI,Tori,24.761904761904763,78.0,
CHETAR,Chetar,24.92063492063492,78.0,
RICHUGHUTU,Richughutu,25.07936507936508,78.0,
DEMU,Demu,25.23809523809524,78.0,
LATEHAR,Latehar,25.396825396825395,78.0,
BENDI,Bendi,25.55555555555556,78.0,
KUMENDI,Kumendi,25.714285714285715,78.0,
HEHEGARAHALT,Hehegarahalt,25.87301587301588,78.0,
CHHIPADOHAR,Chhipadohar,26.03174603174603,78.0,
BARWADIH,Barwadih,26.19047619047619,78.0,
MANGRA,Mangra,26.349206349206348,78.0,
KECKHI,Keckhi,26.507936507936503,78.0,
CHIANKI,Chianki,26.666666666666664,78.0,
DALTONGANJ,Daltonganj,26.825396825396822,78.0,
KAJRI,Kajri,26.984126984126984,78.0,
RAJHURA,Rajhura,27.142857142857142,78.0,
LALGARHBIHAR,Lalgarhbihar,27.3015873015873,78.0,
TOLRA,Tolra,27.46031746031746,78.0,
GARWAROAD,Garwaroad,27.61904761904762,78.0,
GARHWA,Garhwa,27.77777777777778,78.0,
MERALGRAM,Meralgram,27.936507936507937,78.0,
RAMNA,Ramna,28.09523809523809,78.0,
NAGARUNTARI,Nagaruntari,28.253968253968253,78.0,
WYNDHAMGANJ,Wyndhamganj,28.41269841269841,78.0,
MAHUARIYA,Mahuariya,28.57142857142857,78.0,
DUDDHINAGAR,Duddhinagar,28.730158730158728,78.0,
JHAROKHAS,Jharokhas,28.88888888888889,78.0,
MUIRPURROAD,Muirpurroad,29.047619047619047,78.0,
RENUKUT,Renukut,29.20634920634921,78.0,
JOGIDIH,Jogidih,29.365079365079364,78.0,
GURMURA,Gurmura,29.52380952380953,78.0,
SALAIBANWA,Salaibanwa,29.682539682539684,78.0,
BILLI,Billi,29.84126984126984,78.0,
CHOPAN,Chopan,30.0,78.0,
GOMTINAGAR,Gomtinagar,20.0,78.0,
BADSHAHNAGAR,Badshahnagar,20.24390243902439,78.0,
DALIGANJ51KM,Daliganj51Km,20.48780487804878,78.0,
MOHIBULLAPUR,Mohibullapur,20.73170731707317,78.0,
BAKSHIKATALA,Bakshikatala,20.97560975609756,78.0,
ITAUNJA,Itaunja,21.21951219512195,78.0,
ATARIA26KMHR,Ataria26Kmhr,21.463414634146343,78.0,
MANWA,Manwa,21.70731707317073,78.0,
SIDHAULI19KM,Sidhauli19Km,21.951219512195124,78.0,
SURAINCHAHAL,Surainchahal,22.195121951219512,78.0,
KAMLAPUR8KMH,Kamlapur8Kmh,22.4390243902439,78.0,
BARAIJALALPU,Baraijalalpu,22.682926829268293,78.0,
KHAIRATABAD3,Khairatabad3,22.92682926829268,78.0,
SITAPUR50KMH,Sitapur50Kmh,23.17073170731708,78.0,
BHURJIHABARA,Bhurjihabara,23.414634146341463,78.0,
JHAREKAPUR,Jharekapur,23.65853658536585,78.0,
PARSEHRAMAL,Parsehramal,23.902439024390244,78.0,
HARGAON45KMH,Hargaon45Kmh,24.14634146341464,78.0,
OEL,Oel,24.390243902439025,78.0,
KADIPURSANIH,Kadipursanih,24.634146341463413,78.0,
KHIRITOWN,Khiritown,24.87804878048781,78.0,
LAKHIMPUR4KM,Lakhimpur4Km,25.121951219512194,78.0,
DEOKALI,Deokali,25.365853658536587,78.0,
PHARADAHAN6K,Pharadahan6K,25.60975609756097,78.0,
RAZAGANJ,Razaganj,25.853658536585364,78.0,
BAHELIABUZUR,Baheliabuzur,26.09756097560976,78.0,
GOLAGOKARANA,Golagokarana,26.34146341463415,78.0,
BANKEGANJ86K,Bankeganj86K,26.585365853658537,78.0,
MAILANI89KMH,Mailani89Kmh,26.82926829268293,78.0,
AKELAHANSPUR,Akelahanspur,27.317073170731707,78.0,
SEHRAMAU,Sehramau,27.5609756097561,78.0,
KURRAIYA,Kurraiya,27.804878048780488,78.0,
DUDHIYAKHURD,Dudhiyakhurd,28.04878048780488,78.0,
UDAIYAPURKHU,Udaiyapurkhu,28.29268292682927,78.0,
PURANPUR,Puranpur,28.53658536585366,78.0,
PRASADPUR,Prasadpur,28.78048780487805,78.0,
SHAHGARH,Shahgarh,29.02439024390244,78.0,
SANDAI,Sandai,29.268292682926827,78.0,
MALA,Mala,29.51219512195122,78.0,
DIYURI,Diyuri,29.75609756097561,78.0,
PILIBHIT,Pilibhit,30.0,78.0,
VARANASI,Varanasi,20.0,78.0,
BABATPUR65KM,Babatpur65Km,20.83333333333333,78.0,
JAUNPUR76KMH,Jaunpur76Kmh,21.666666666666668,78.0,
SHAHGANJ105K,Shahganj105K,22.5,78.0,
AKBARPUR117K,Akbarpur117K,23.33333333333333,78.0,
GOSHAINGANJ1,Goshainganj1,24.166666666666668,78.0,
AYODHYADHAM7,Ayodhyadham7,25.0,78.0,
RUDAULI87KMH,Rudauli87Kmh,25.833333333333336,78.0,
DARYABAD110K,Daryabad110K,26.666666666666668,78.0,
BARABANKI114,Barabanki114,27.5,78.0,
MALHOUR,Malhour,28.333333333333336,78.0,
LUCKNOW,Lucknow,30.0,78.0,
CSHIVAJIMAHT,Cshivajimaht,20.0,78.0,
DADAR36KMHR,Dadar36Kmhr,20.121951219512194,78.0,
THANE3KMHR,Thane3Kmhr,20.24390243902439,78.0,
KALYAN69KMHR,Kalyan69Kmhr,20.365853658536587,78.0,
KASARA98KMHR,Kasara98Kmhr,20.48780487804878,78.0,
DEVLALI87KMH,Devlali87Kmh,20.60975609756097,78.0,
NASIKROAD81K,Nasikroad81K,20.73170731707317,78.0,
MANMAD128KMH,Manmad128Kmh,20.853658536585368,78.0,
CHALISGAON12,Chalisgaon12,20.97560975609756,78.0,
PACHORA117KM,Pachora117Km,21.09756097560976,78.0,
JALGAON99KMH,Jalgaon99Kmh,21.21951219512195,78.0,
BHUSAVAL91KM,Bhusaval91Km,21.341463414634145,78.0,
SAVDA45KMHR,Savda45Kmhr,21.463414634146343,78.0,
RAVER115KMHR,Raver115Kmhr,21.585365853658537,78.0,
BURHANPUR112,Burhanpur112,21.70731707317073,78.0,
NEPANAGAR132,Nepanagar132,21.82926829268293,78.0,
KHANDWAJUNCT,Khandwajunct,21.951219512195124,78.0,
TALVADYA102K,Talvadya102K,22.07317073170732,78.0,
CHHANERA153K,Chhanera153K,22.195121951219512,78.0,
KHIRKIYA106K,Khirkiya106K,22.317073170731707,78.0,
HARDA125KMHR,Harda125Kmhr,22.4390243902439,78.0,
TIMARNI102KM,Timarni102Km,22.5609756097561,78.0,
BANAPURA117K,Banapura117K,22.682926829268293,78.0,
ITARSI408KMH,Itarsi408Kmh,22.804878048780488,78.0,
NARMADAPURAM,Narmadapuram,22.92682926829268,78.0,
BUDNI73KMHR,Budni73Kmhr,23.04878048780488,78.0,
OBAIDULLAGAN,Obaidullagan,23.17073170731708,78.0,
MANDIDIP103K,Mandidip103K,23.29268292682927,78.0,
RANIKAMALAPA,Ranikamalapa,23.414634146341463,78.0,
BHOPAL38KMHR,Bhopal38Kmhr,23.536585365853657,78.0,
VIDISHA97KMH,Vidisha97Kmh,23.65853658536585,78.0,
GULABHGANJ11,Gulabhganj11,23.78048780487805,78.0,
GANJBASODA90,Ganjbasoda90,23.902439024390244,78.0,
MANDIBAMORA1,Mandibamora1,24.02439024390244,78.0,
BINA95KMHR,Bina95Kmhr,24.14634146341464,78.0,
DHAURA112KMH,Dhaura112Kmh,24.26829268292683,78.0,
LALITPUR122K,Lalitpur122K,24.390243902439025,78.0,
TALBAHAT103K,Talbahat103K,24.51219512195122,78.0,
BASAI32KMHR,Basai32Kmhr,24.634146341463413,78.0,
BABINA95KMHR,Babina95Kmhr,24.75609756097561,78.0,
VIRANGANALAK,Viranganalak,24.87804878048781,78.0,
DATIA114KMHR,Datia114Kmhr,25.0,78.0,
DABRA89KMHR,Dabra89Kmhr,25.121951219512194,78.0,
GWALIOR128KM,Gwalior128Km,25.24390243902439,78.0,
MORENA101KMH,Morena101Kmh,25.365853658536587,78.0,
DHAULPUR107K,Dhaulpur107K,25.48780487804878,78.0,
AGRACANTT144,Agracantt144,25.60975609756097,78.0,
MATHURA108KM,Mathura108Km,25.73170731707317,78.0,
KOSIKALAN100,Kosikalan100,25.853658536585364,78.0,
PALWAL151KMH,Palwal151Kmh,25.97560975609756,78.0,
FARIDABAD83K,Faridabad83K,26.09756097560976,78.0,
HAZRATNIZAMU,Hazratnizamu,26.21951219512195,78.0,
NEWDELHI42KM,Newdelhi42Km,26.34146341463415,78.0,
SUBZIMANDI20,Subzimandi20,26.46341463414634,78.0,
NARELA116KMH,Narela116Kmh,26.585365853658537,78.0,
SONIPAT116KM,Sonipat116Km,26.70731707317073,78.0,
GANAUR128KMH,Ganaur128Kmh,26.82926829268293,78.0,
BHODWALMAJRI,Bhodwalmajri,26.951219512195124,78.0,
SAMALKHA83KM,Samalkha83Km,27.07317073170732,78.0,
PANIPAT126KM,Panipat126Km,27.195121951219512,78.0,
KARNAL143KMH,Karnal143Kmh,27.317073170731707,78.0,
NILOKHERI118,Nilokheri118,27.4390243902439,78.0,
KURUKSHETRA9,Kurukshetra9,27.5609756097561,78.0,
SHAHBADMARKN,Shahbadmarkn,27.682926829268293,78.0,
AMBALACANT58,Ambalacant58,27.804878048780488,78.0,
AMBALACITY52,Ambalacity52,27.92682926829268,78.0,
RAJPURA82KMH,Rajpura82Kmh,28.04878048780488,78.0,
PATIALA40KMH,Patiala40Kmh,28.17073170731708,78.0,
NABHA114KMHR,Nabha114Kmhr,28.29268292682927,78.0,
DHURI103KMHR,Dhuri103Kmhr,28.414634146341463,78.0,
MALERKOTLA89,Malerkotla89,28.53658536585366,78.0,
AHMADGARH101,Ahmadgarh101,28.65853658536585,78.0,
GILL,Gill,28.78048780487805,78.0,
LUDHIANA,Ludhiana,29.02439024390244,78.0,
PHILLAUR,Phillaur,29.14634146341464,78.0,
GORAYA,Goraya,29.268292682926827,78.0,
PHAGWARA,Phagwara,29.390243902439025,78.0,
JALANDHARCAN,Jalandharcan,29.51219512195122,78.0,
JALANDHARCIT,Jalandharcit,29.634146341463413,78.0,
BEAS,Beas,29.75609756097561,78.0,
JANDIALA,Jandiala,29.8780487804878,78.0,
AMRITSAR,Amritsar,30.0,78.0,
MANGRA50KMHR,Mangra50Kmhr,20.4,78.0,
KECKHI81KMHR,Keckhi81Kmhr,20.8,78.0,
CHIANKI84KMH,Chianki84Kmh,21.2,78.0,
DALTONGANJ83,Daltonganj83,21.6,78.0,
KAJRI87KMHR,Kajri87Kmhr,22.0,78.0,
RAJHURA49KMH,Rajhura49Kmh,22.4,78.0,
TOLRA14KMHR,Tolra14Kmhr,23.2,78.0,
GARWAROAD70K,Garwaroad70K,23.6,78.0,
SIGSIGI26KMH,Sigsigi26Kmh,24.0,78.0,
KARKATA66KMH,Karkata66Kmh,24.4,78.0,
UNTAREROAD62,Untareroad62,24.8,78.0,
SATBAHINI58K,Satbahini58K,25.2,78.0,
MUHAMMADGANJ,Muhammadganj,25.6,78.0,
KOSIARA58KMH,Kosiara58Kmh,26.0,78.0,
HAIDARNAGAR9,Haidarnagar9,26.4,78.0,
JAPLA128KMHR,Japla128Kmhr,26.8,78.0,
KAJRATNAWADI,Kajratnawadi,27.2,78.0,
NABINAGARROA,Nabinagarroa,27.6,78.0,
BARKISALALYA,Barkisalalya,28.0,78.0,
ANKORAHAKORH,Ankorahakorh,28.4,78.0,
BAGAHABISHUN,Bagahabishun,28.8,78.0,
SONNAGAR75KM,Sonnagar75Km,29.200000000000003,78.0,
DEHRIONSONE5,Dehrionsone5,29.6,78.0,
GONDA,Gonda,20.0,78.0,
GONDAKACHAHR,Gondakachahr,20.454545454545453,78.0,
MAIJAPUR95KM,Maijapur95Km,20.90909090909091,78.0,
COLONELGANJ5,Colonelganj5,21.363636363636363,78.0,
SARJU68KMHR,Sarju68Kmhr,21.818181818181817,78.0,
JARWALROAD95,Jarwalroad95,22.27272727272728,78.0,
GHAGHARAGHAT,Ghagharaghat,22.727272727272727,78.0,
CHOWKAGHAT58,Chowkaghat58,23.18181818181818,78.0,
BURHWAL55KMH,Burhwal55Kmh,23.63636363636364,78.0,
SUNDHIAMAU87,Sundhiamau87,24.09090909090909,78.0,
TAHSILFATEHP,Tahsilfatehp,24.545454545454547,78.0,
PAINTEPUR85K,Paintepur85K,25.0,78.0,
MUNDAGOPALAS,Mundagopalas,25.454545454545453,78.0,
MAHMUDABADAV,Mahmudabadav,25.90909090909091,78.0,
BABUPUR,Babupur,26.363636363636363,78.0,
SARAYAN1KMHR,Sarayan1Kmhr,26.81818181818182,78.0,
SHANKARPUR,Shankarpur,27.27272727272728,78.0,
BISWAN,Biswan,27.727272727272727,78.0,
RAMAIPUR106K,Ramaipur106K,28.18181818181818,78.0,
PARSENDI95KM,Parsendi95Km,28.63636363636364,78.0,
TAPPAKHAJURI,Tappakhajuri,29.09090909090909,78.0,
SITAPUR54KMH,Sitapur54Kmh,29.545454545454547,78.0,
GORAKHPUR,Gorakhpur,20.0,78.0,
KAPTANGANJ10,Kaptanganj10,21.0,78.0,
BAGAHA100KMH,Bagaha100Kmh,22.0,78.0,
NARKATIAGANJ,Narkatiaganj,23.0,78.0,
BETTIAH104KM,Bettiah104Km,24.0,78.0,
SAGAULI95KMH,Sagauli95Kmh,25.0,78.0,
BAPUDMMOTIHA,Bapudmmotiha,26.0,78.0,
MUZAFFARPUR1,Muzaffarpur1,27.0,78.0,
HAJIPUR99KMH,Hajipur99Kmh,28.0,78.0,
PATLIPUTRA62,Patliputra62,29.0,78.0,
BHUJ,Bhuj,20.0,78.0,
ANJAR126KMHR,Anjar126Kmhr,20.76923076923077,78.0,
GANDHIDHAMBG,Gandhidhambg,21.53846153846154,78.0,
BHACHAUBG98K,Bhachaubg98K,22.307692307692307,78.0,
SAMAKHIALIBG,Samakhialibg,23.07692307692308,78.0,
HALVAD144KMH,Halvad144Kmh,23.846153846153847,78.0,
DHRANGADHRA1,Dhrangadhra1,24.615384615384617,78.0,
VIRAMGAM135K,Viramgam135K,25.384615384615387,78.0,
SANAND118KMH,Sanand118Kmh,26.15384615384616,78.0,
AMBLIROAD166,Ambliroad166,26.923076923076923,78.0,
CHANDLODIYA9,Chandlodiya9,27.692307692307693,78.0,
SABARMATI95K,Sabarmati95K,28.46153846153846,78.0,
AHMEDABAD25K,Ahmedabad25K,29.23076923076924,78.0,
ITARSI,Itarsi,20.0,78.0,
GURRA80KMHR,Gurra80Kmhr,20.303030303030305,78.0,
SONTALAI84KM,Sontalai84Km,20.60606060606061,78.0,
BAGRATAWA68K,Bagratawa68K,20.90909090909091,78.0,
GURAMKHEDI12,Guramkhedi12,21.21212121212121,78.0,
SOHAGPUR95KM,Sohagpur95Km,21.51515151515152,78.0,
PIPARIYA108K,Pipariya108K,21.81818181818182,78.0,
BANKHEDI131K,Bankhedi131K,22.12121212121212,78.0,
JUNEHTA,Junehta,22.424242424242426,78.0,
SALICHAUKARO,Salichaukaro,22.727272727272727,78.0,
GADARWARA103,Gadarwara103,23.03030303030303,78.0,
BOHANI95KMHR,Bohani95Kmhr,23.33333333333333,78.0,
KARELI78KMHR,Kareli78Kmhr,23.63636363636364,78.0,
NARSINGHPUR8,Narsinghpur8,23.939393939393938,78.0,
GHATPINDRAI9,Ghatpindrai9,24.24242424242424,78.0,
BELKHERA78KM,Belkhera78Km,24.545454545454547,78.0,
KARAKBEL95KM,Karakbel95Km,24.848484848484848,78.0,
SRIDHAM120KM,Sridham120Km,25.151515151515152,78.0,
BIKRAMPUR128,Bikrampur128,25.454545454545453,78.0,
BHITONI95KMH,Bhitoni95Kmh,25.75757575757576,78.0,
BHERAGHAT122,Bheraghat122,26.060606060606062,78.0,
MADANMAHAL10,Madanmahal10,26.363636363636363,78.0,
JABALPUR38KM,Jabalpur38Km,26.666666666666668,78.0,
ADHARTAL45KM,Adhartal45Km,26.96969696969697,78.0,
DEORI85KMHR,Deori85Kmhr,27.27272727272728,78.0,
GOSALPUR138K,Gosalpur138K,27.57575757575757,78.0,
SIHORAROAD10,Sihoraroad10,27.87878787878788,78.0,
DUNDI102KMHR,Dundi102Kmhr,28.18181818181818,78.0,
SLEEMANABADR,Sleemanabadr,28.484848484848484,78.0,
SANSARPUR,Sansarpur,28.78787878787879,78.0,
NIWAR9KMHR,Niwar9Kmhr,29.090909090909093,78.0,
MADHAVNAGARR,Madhavnagarr,29.393939393939394,78.0,
KATNI8KMHR,Katni8Kmhr,29.69696969696969,78.0,
MUZAFFARPUR,Muzaffarpur,20.0,78.0,
HAJIPUR1KMHR,Hajipur1Kmhr,20.4,78.0,
SONPUR40KMHR,Sonpur40Kmhr,20.8,78.0,
PATLIPUTRA51,Patliputra51,21.2,78.0,
DANAPUR41KMH,Danapur41Kmh,21.6,78.0,
ARA,Ara,22.0,78.0,
BUXAR,Buxar,22.4,78.0,
PTDEENDAYALU,Ptdeendayalu,22.8,78.0,
PRAYAGRAJCHH,Prayagrajchh,23.2,78.0,
MANIKPUR71KM,Manikpur71Km,23.6,78.0,
SATNA106KMHR,Satna106Kmhr,24.0,78.0,
MAIHAR,Maihar,24.8,78.0,
KATNI,Katni,25.2,78.0,
JABALPUR,Jabalpur,25.6,78.0,
NARSINGHPUR,Narsinghpur,26.0,78.0,
PIPARIYA,Pipariya,26.4,78.0,
BHUSAVAL,Bhusaval,27.6,78.0,
MANMAD,Manmad,28.0,78.0,
KOPARGAON,Kopargaon,28.4,78.0,
BELAPUR,Belapur,28.8,78.0,
AHILYANAGAR,Ahilyanagar,29.200000000000003,78.0,
DAUNDCHORDLI,Daundchordli,29.6,78.0,
HADAPSAR,Hadapsar,30.0,78.0,
PALANPUR,Palanpur,20.0,78.0,
DISA99KMHR,Disa99Kmhr,20.27777777777778,78.0,
BHILDI101KMH,Bhildi101Kmh,20.55555555555556,78.0,
JENAL63KMHR,Jenal63Kmhr,20.83333333333333,78.0,
RAMSAN95KMHR,Ramsan95Kmhr,21.11111111111111,78.0,
DHANERA95KMH,Dhanera95Kmh,21.38888888888889,78.0,
JARI95KMHR,Jari95Kmhr,21.666666666666668,78.0,
DUGDOL,Dugdol,21.944444444444443,78.0,
MARWARRATANP,Marwarratanp,22.22222222222222,78.0,
RANIWARA95KM,Raniwara95Km,22.5,78.0,
MALWARA84KMH,Malwara84Kmh,22.77777777777778,78.0,
MARWARKORI11,Marwarkori11,23.05555555555556,78.0,
MARWARBHINMA,Marwarbhinma,23.33333333333333,78.0,
LEDARMER95KM,Ledarmer95Km,23.61111111111111,78.0,
BHEEMPURA70K,Bheempura70K,23.88888888888889,78.0,
MODRAN95KMHR,Modran95Kmhr,24.166666666666668,78.0,
BAKRAROAD70K,Bakraroad70K,24.444444444444443,78.0,
MARWARBAGRA8,Marwarbagra8,24.72222222222222,78.0,
JAGNATHJIROA,Jagnathjiroa,25.0,78.0,
JALOR105KMHR,Jalor105Kmhr,25.27777777777778,78.0,
BISHENGARH81,Bishengarh81,25.55555555555556,78.0,
BALWARA115KM,Balwara115Km,25.833333333333336,78.0,
MOKALSAR120K,Mokalsar120K,26.11111111111111,78.0,
RAKHI83KMHR,Rakhi83Kmhr,26.38888888888889,78.0,
BAMSIN85KMHR,Bamsin85Kmhr,26.666666666666668,78.0,
SAMDHARI11KM,Samdhari11Km,26.944444444444443,78.0,
AJIT95KMHR,Ajit95Kmhr,27.22222222222222,78.0,
MAHESHNAGARH,Maheshnagarh,27.5,78.0,
DUNDARA23KMH,Dundara23Kmh,27.77777777777778,78.0,
DUDIA70KMHR,Dudia70Kmhr,28.05555555555556,78.0,
SUTLANA115KM,Sutlana115Km,28.333333333333336,78.0,
LUNI109KMHR,Luni109Kmhr,28.61111111111111,78.0,
HANWANT70KMH,Hanwant70Kmh,28.88888888888889,78.0,
SALAWAS108KM,Salawas108Km,29.166666666666668,78.0,
BASNI,Basni,29.72222222222222,78.0,
BHAGATKIKOTH,Bhagatkikoth,30.0,78.0,
BARAUNI,Barauni,20.0,78.0,
DALSINGHSARA,Dalsinghsara,20.26315789473684,78.0,
SAMASTIPUR63,Samastipur63,20.526315789473685,78.0,
MUZAFFARPUR9,Muzaffarpur9,20.789473684210527,78.0,
SONPUR23KMHR,Sonpur23Kmhr,21.31578947368421,78.0,
CHHAPRA60KMH,Chhapra60Kmh,21.57894736842105,78.0,
SURAIMANPUR6,Suraimanpur6,21.84210526315789,78.0,
BALLIA90KMHR,Ballia90Kmhr,22.105263157894736,78.0,
YUSUFPUR123K,Yusufpur123K,22.36842105263158,78.0,
GHAZIPURCITY,Ghazipurcity,22.63157894736842,78.0,
AUNRIHAR75KM,Aunrihar75Km,22.894736842105264,78.0,
KIRAKAT106KM,Kirakat106Km,23.157894736842103,78.0,
JAUNPUR46KMH,Jaunpur46Kmh,23.42105263157895,78.0,
VARANASI75KM,Varanasi75Km,23.684210526315788,78.0,
MIRZAPUR82KM,Mirzapur82Km,23.94736842105263,78.0,
VINDHYACHAL4,Vindhyachal4,24.21052631578948,78.0,
SHANKARGARH7,Shankargarh7,24.73684210526316,78.0,
MANIKPUR119K,Manikpur119K,25.0,78.0,
SATNA102KMHR,Satna102Kmhr,25.26315789473684,78.0,
MAIHAR125KMH,Maihar125Kmh,25.526315789473685,78.0,
KATNI66KMHR,Katni66Kmhr,25.789473684210527,78.0,
UMARIA55KMHR,Umaria55Kmhr,26.05263157894737,78.0,
SHAHDOL111KM,Shahdol111Km,26.31578947368421,78.0,
BURHAR120KMH,Burhar120Kmh,26.57894736842105,78.0,
ANUPPUR73KMH,Anuppur73Kmh,26.84210526315789,78.0,
PENDRAROAD91,Pendraroad91,27.105263157894736,78.0,
SALKAROAD,Salkaroad,27.36842105263158,78.0,
USLAPUR,Uslapur,27.894736842105264,78.0,
BHATAPARA,Bhatapara,28.157894736842103,78.0,
RAIPUR,Raipur,28.421052631578945,78.0,
DURG,Durg,28.684210526315788,78.0,
RAJNANDGAON,Rajnandgaon,28.94736842105263,78.0,
DONGARGARH,Dongargarh,29.21052631578948,78.0,
SALEKASA,Salekasa,29.473684210526315,78.0,
AMGAON,Amgaon,29.73684210526316,78.0,
GONDIA,Gondia,30.0,78.0,
KHALARI73KMH,Khalari73Kmh,23.96825396825397,78.0,
SEHRAMAU31KM,Sehramau31Km,27.317073170731707,78.0,
UNCHHERA,Unchhera,24.23076923076923,78.0,
BASNI86KMHR,Basni86Kmhr,29.444444444444443,78.0,
USLAPUR77KMH,Uslapur77Kmh,27.56756756756757,78.0,
DILKUSHACABI,Dilkushacabi,28.333333333333336,78.0,
MAIHAR104KMH,Maihar104Kmh,24.4,78.0,
DADHAPARA,Dadhapara,27.63157894736842,78.0,
SAHARSA,Saharsa,20.0,78.0,
MANSI28KMHR,Mansi28Kmhr,20.37037037037037,78.0,
KHAGARIA48KM,Khagaria48Km,20.74074074074074,78.0,
BEGUSARAI46K,Begusarai46K,21.11111111111111,78.0,
BARAUNI42KMH,Barauni42Kmh,21.48148148148148,78.0,
NARAYANPURAN,Narayanpuran,22.22222222222222,78.0,
SAMASTIPUR13,Samastipur13,22.96296296296296,78.0,
HAJIPUR,Hajipur,23.703703703703702,78.0,
SONPUR,Sonpur,24.07407407407408,78.0,
CHHAPRA,Chhapra,24.444444444444443,78.0,
SIWAN,Siwan,24.814814814814817,78.0,
DEORIASADAR,Deoriasadar,25.185185185185183,78.0,
KHALILABAD,Khalilabad,25.925925925925924,78.0,
BASTI,Basti,26.296296296296298,78.0,
BARABANKI,Barabanki,27.03703703703704,78.0,
AISHBAGH,Aishbagh,27.77777777777778,78.0,
ETAWAH,Etawah,28.51851851851852,78.0,
TUNDLA,Tundla,28.88888888888889,78.0,
ALIGARH,Aligarh,29.25925925925926,78.0,
GHAZIABAD,Ghaziabad,29.62962962962963,78.0,
ANANDVIHARTE,Anandviharte,30.0,78.0,
BADNERA,Badnera,20.0,78.0,
MURTAJAPUR10,Murtajapur10,20.526315789473685,78.0,
BORGAON122KM,Borgaon122Km,21.05263157894737,78.0,
AKOLA122KMHR,Akola122Kmhr,21.57894736842105,78.0,
SHEGAON59KMH,Shegaon59Kmh,22.105263157894736,78.0,
NANDURA114KM,Nandura114Km,22.63157894736842,78.0,
MALKAPUR85KM,Malkapur85Km,23.157894736842103,78.0,
BODWAD113KMH,Bodwad113Kmh,23.684210526315788,78.0,
BHUSAVAL30KM,Bhusaval30Km,24.21052631578948,78.0,
JALGAON78KMH,Jalgaon78Kmh,24.73684210526316,78.0,
PACHORA125KM,Pachora125Km,25.26315789473684,78.0,
KAJGAON132KM,Kajgaon132Km,25.789473684210527,78.0,
NANDGAON76KM,Nandgaon76Km,26.84210526315789,78.0,
PANEVADI,Panevadi,27.36842105263158,78.0,
LASALGAON,Lasalgaon,28.94736842105263,78.0,
NIPHAD,Niphad,29.473684210526315,78.0,
NASIKROAD,Nasikroad,30.0,78.0,
JODHPUR,Jodhpur,20.0,78.0,
MERTAROAD115,Mertaroad115,20.33333333333333,78.0,
DEGANA102KMH,Degana102Kmh,20.666666666666668,78.0,
CHHOTIKHATU,Chhotikhatu,21.0,78.0,
DIDWANA58KMH,Didwana58Kmh,21.33333333333333,78.0,
LADNUN136KMH,Ladnun136Kmh,21.666666666666668,78.0,
SUJANGARH120,Sujangarh120,22.0,78.0,
RATANGARH95K,Ratangarh95K,22.33333333333333,78.0,
CHURU108KMHR,Churu108Kmhr,22.666666666666668,78.0,
SADULPUR100K,Sadulpur100K,23.0,78.0,
LOHARU1KMHR,Loharu1Kmhr,23.33333333333333,78.0,
MAHENDRAGARH,Mahendragarh,23.666666666666668,78.0,
REWARI71KMHR,Rewari71Kmhr,24.0,78.0,
GURGAON31KMH,Gurgaon31Kmh,24.33333333333333,78.0,
DELHICANTT10,Delhicantt10,24.666666666666664,78.0,
DELHI7KMHR,Delhi7Kmhr,25.0,78.0,
GHAZIABAD38K,Ghaziabad38K,25.33333333333333,78.0,
HAPUR64KMHR,Hapur64Kmhr,25.666666666666664,78.0,
MORADABAD34K,Moradabad34K,26.0,78.0,
BAREILLYNR,Bareillynr,26.33333333333333,78.0,
SHAHJEHANPUR,Shahjehanpur,26.666666666666664,78.0,
KAURAH,Kaurah,27.0,78.0,
HARDOI,Hardoi,27.666666666666664,78.0,
AYODHYACANTT,Ayodhyacantt,28.33333333333333,78.0,
AYODHYADHAM,Ayodhyadham,28.666666666666664,78.0,
MANKAPUR,Mankapur,29.0,78.0,
HATIA,Hatia,20.0,78.0,
RANCHI27KMHR,Ranchi27Kmhr,20.19607843137255,78.0,
NAMKOM45KMHR,Namkom45Kmhr,20.392156862745097,78.0,
TATISILWAI83,Tatisilwai83,20.58823529411765,78.0,
MURI91KMHR,Muri91Kmhr,20.7843137254902,78.0,
JHALIDA52KMH,Jhalida52Kmh,20.980392156862745,78.0,
KOTSHILA115K,Kotshila115K,21.176470588235293,78.0,
PUNDAG115KMH,Pundag115Kmh,21.37254901960784,78.0,
BOKAROSTEELC,Bokarosteelc,21.5686274509804,78.0,
CHANDRAPURA3,Chandrapura3,21.764705882352946,78.0,
TELO75KMHR,Telo75Kmhr,21.96078431372549,78.0,
PARASNATH77K,Parasnath77K,22.352941176470587,78.0,
HAZARIBAGHRD,Hazaribaghrd,22.54901960784313,78.0,
CHAUBE87KMHR,Chaube87Kmhr,22.745098039215687,78.0,
PARSABAD87KM,Parsabad87Km,22.94117647058824,78.0,
KODERMA125KM,Koderma125Km,23.137254901960784,78.0,
PAHARPUR102K,Paharpur102K,23.33333333333333,78.0,
TANKUPPA95KM,Tankuppa95Km,23.529411764705884,78.0,
GAYA54KMHR,Gaya54Kmhr,23.725490196078432,78.0,
BELA68KMHR,Bela68Kmhr,23.92156862745098,78.0,
JEHANABAD107,Jehanabad107,24.11764705882353,78.0,
TAREGNA89KMH,Taregna89Kmh,24.31372549019608,78.0,
PUNPUN54KMHR,Punpun54Kmhr,24.509803921568626,78.0,
PATNA41KMHR,Patna41Kmhr,24.705882352941178,78.0,
RAJENDRANAGA,Rajendranaga,24.90196078431373,78.0,
PATNASAHEB34,Patnasaheb34,25.09803921568628,78.0,
FATUHA87KMHR,Fatuha87Kmhr,25.294117647058822,78.0,
KHUSROPUR95K,Khusropur95K,25.49019607843137,78.0,
BAKHTIYARPUR,Bakhtiyarpur,25.686274509803923,78.0,
ATHMALGOLA45,Athmalgola45,25.88235294117647,78.0,
BARH86KMHR,Barh86Kmhr,26.07843137254902,78.0,
PUNARAKH106K,Punarakh106K,26.274509803921568,78.0,
MOKAMA63KMHR,Mokama63Kmhr,26.47058823529412,78.0,
TALLJN,Talljn,26.666666666666668,78.0,
HATHIDAHUPPE,Hathidahuppe,27.058823529411764,78.0,
NEWBARAUNI,Newbarauni,27.25490196078432,78.0,
BEGUSARAI,Begusarai,27.450980392156865,78.0,
DANAULIPHLWR,Danauliphlwr,27.647058823529413,78.0,
LAKHMINIA,Lakhminia,27.84313725490196,78.0,
SAHIBPURKAMA,Sahibpurkama,28.03921568627451,78.0,
KHAGARIA,Khagaria,28.23529411764705,78.0,
MANSI,Mansi,28.431372549019606,78.0,
BADLAGHAT,Badlaghat,28.627450980392155,78.0,
KOPARIA,Koparia,28.823529411764707,78.0,
SBHAKHTIYARP,Sbhakhtiyarp,29.01960784313725,78.0,
DAURAMMADHPU,Daurammadhpu,29.411764705882355,78.0,
MURLIGANJ,Murliganj,29.607843137254903,78.0,
BANMANKHI,Banmankhi,29.80392156862745,78.0,
PURNIACOURT,Purniacourt,30.0,78.0,
WADI,Wadi,20.0,78.0,
SULEHALLI,Sulehalli,20.37037037037037,78.0,
CHITTAPUR70K,Chittapur70K,20.74074074074074,78.0,
MALKHAIDROAD,Malkhaidroad,21.11111111111111,78.0,
SEDAM81KMHR,Sedam81Kmhr,21.48148148148148,78.0,
KURGUNTA75KM,Kurgunta75Km,21.85185185185185,78.0,
NAWANDGI95KM,Nawandgi95Km,22.22222222222222,78.0,
MANTATTI95KM,Mantatti95Km,22.59259259259259,78.0,
TANDUR84KMHR,Tandur84Kmhr,22.96296296296296,78.0,
RUKMAPUR,Rukmapur,23.33333333333333,78.0,
DHARUR86KMHR,Dharur86Kmhr,23.703703703703702,78.0,
GODAMGURA,Godamgura,24.07407407407408,78.0,
VIKARABAD57K,Vikarabad57K,24.444444444444443,78.0,
CHITGIDDA,Chitgidda,24.814814814814817,78.0,
GULLAGUDA,Gullaguda,25.185185185185183,78.0,
SHANKARPALLI,Shankarpalli,25.55555555555556,78.0,
NAGALAPALLE9,Nagalapalle9,25.925925925925924,78.0,
LINGAMPALLI,Lingampalli,26.296296296296298,78.0,
HAFIZPETA95K,Hafizpeta95K,26.666666666666664,78.0,
SANATNAGAR,Sanatnagar,27.03703703703704,78.0,
BEGAMPET,Begampet,27.407407407407405,78.0,
SECUNDERABAD,Secunderabad,27.77777777777778,78.0,
SITAFALMANDI,Sitafalmandi,28.148148148148145,78.0,
ARTSCOLLEGE,Artscollege,28.51851851851852,78.0,
JAMAIOSMANIA,Jamaiosmania,28.88888888888889,78.0,
VIDYANAGAR,Vidyanagar,29.25925925925926,78.0,
KACHEGUDA8KM,Kacheguda8Km,29.62962962962963,78.0,
PUNE,Pune,20.0,78.0,
AHILYANAGAR1,Ahilyanagar1,21.666666666666668,78.0,
KOPARGAON143,Kopargaon143,22.5,78.0,
MANMAD115KMH,Manmad115Kmh,23.33333333333333,78.0,
JALGAON137KM,Jalgaon137Km,24.166666666666668,78.0,
BHUSAVAL99KM,Bhusaval99Km,25.0,78.0,
SHEGAON151KM,Shegaon151Km,25.833333333333336,78.0,
AKOLA149KMHR,Akola149Kmhr,26.666666666666668,78.0,
BADNERA139KM,Badnera139Km,27.5,78.0,
WARDHA153KMH,Wardha153Kmh,28.333333333333336,78.0,
AJNI88KMHR,Ajni88Kmhr,29.166666666666668,78.0,
SAHIBABAD30K,Sahibabad30K,20.217391304347824,78.0,
GHAZIABAD12K,Ghaziabad12K,20.43478260869565,78.0,
PILKHUA78KMH,Pilkhua78Kmh,20.65217391304348,78.0,
HAPUR87KMHR,Hapur87Kmhr,20.869565217391305,78.0,
GARHMUKTESAR,Garhmuktesar,21.08695652173913,78.0,
GAJRAULA90KM,Gajraula90Km,21.30434782608696,78.0,
AMROHA123KMH,Amroha123Kmh,21.52173913043478,78.0,
MORADABAD81K,Moradabad81K,21.73913043478261,78.0,
RAMPUR70KMHR,Rampur70Kmhr,21.95652173913044,78.0,
BAREILLYNR11,Bareillynr11,22.17391304347826,78.0,
BILPUR119KMH,Bilpur119Kmh,22.39130434782609,78.0,
ROZA28KMHR,Roza28Kmhr,22.82608695652174,78.0,
SITAPURCITY1,Sitapurcity1,23.043478260869566,78.0,
SITAPUR26KMH,Sitapur26Kmh,23.26086956521739,78.0,
BISWAN108KMH,Biswan108Kmh,23.47826086956522,78.0,
BURHWAL95KMH,Burhwal95Kmh,24.13043478260869,78.0,
JARWALROAD60,Jarwalroad60,24.347826086956523,78.0,
COLONELGANJ6,Colonelganj6,24.565217391304348,78.0,
GONDA86KMHR,Gonda86Kmhr,24.78260869565217,78.0,
MANKAPUR69KM,Mankapur69Km,25.0,78.0,
MASKANWA95KM,Maskanwa95Km,25.217391304347828,78.0,
BABHNAN109KM,Babhnan109Km,25.43478260869565,78.0,
GAUR68KMHR,Gaur68Kmhr,25.65217391304348,78.0,
BASTI110KMHR,Basti110Kmhr,25.869565217391305,78.0,
KHALILABAD11,Khalilabad11,26.08695652173913,78.0,
GORAKHPUR58K,Gorakhpur58K,26.30434782608696,78.0,
PIPRAICH40KM,Pipraich40Km,26.52173913043478,78.0,
KAPTANGANJ36,Kaptanganj36,26.73913043478261,78.0,
GHUGHULI88KM,Ghughuli88Km,26.95652173913044,78.0,
SISWABAZAR95,Siswabazar95,27.17391304347826,78.0,
KHADA112KMHR,Khada112Kmhr,27.39130434782609,78.0,
PANIYAHAWA83,Paniyahawa83,27.60869565217392,78.0,
BAGAHA87KMHR,Bagaha87Kmhr,27.82608695652174,78.0,
BHAIROGANJ67,Bhairoganj67,28.043478260869563,78.0,
HARINAGAR59K,Harinagar59K,28.26086956521739,78.0,
CHANPATIA95K,Chanpatia95K,28.695652173913043,78.0,
BETTIAH80KMH,Bettiah80Kmh,28.913043478260867,78.0,
MAJHOWALIA42,Majhowalia42,29.13043478260869,78.0,
RAMGARHWA55K,Ramgarhwa55K,29.565217391304348,78.0,
RAXAUL69KMHR,Raxaul69Kmhr,29.78260869565217,78.0,
SIRSA,Sirsa,20.0,78.0,
BAJEKAN,Bajekan,20.285714285714285,78.0,
SUCHANKOTLI1,Suchankotli1,20.571428571428573,78.0,
DING95KMHR,Ding95Kmhr,20.857142857142858,78.0,
BHATTU117KMH,Bhattu117Kmh,21.142857142857142,78.0,
MANDIADAMPUR,Mandiadampur,21.428571428571427,78.0,
JAKHODKHERA1,Jakhodkhera1,21.714285714285715,78.0,
HISAR102KMHR,Hisar102Kmhr,22.0,78.0,
RAIPURHARIYA,Raipurhariya,22.285714285714285,78.0,
DHANSU65KMHR,Dhansu65Kmhr,22.57142857142857,78.0,
BARWALA107KM,Barwala107Km,22.857142857142858,78.0,
DAULATPURHRY,Daulatpurhry,23.142857142857142,78.0,
UKLANA26KMHR,Uklana26Kmhr,23.428571428571427,78.0,
GAJUWALA,Gajuwala,23.714285714285715,78.0,
PIRTHALALLAU,Pirthalallau,24.0,78.0,
JMLPRSHAIKHA,Jmlprshaikha,24.285714285714285,78.0,
KUDNI,Kudni,24.57142857142857,78.0,
JAKHAL24KMHR,Jakhal24Kmhr,24.857142857142858,78.0,
GURNAY68KMHR,Gurnay68Kmhr,25.142857142857142,78.0,
LEHRAGAGA84K,Lehragaga84K,25.428571428571427,78.0,
GOVINDGARHKH,Govindgarhkh,25.714285714285715,78.0,
CHAJLI28KMHR,Chajli28Kmhr,26.0,78.0,
SUNAMUDHAMSI,Sunamudhamsi,26.285714285714285,78.0,
BHARUR,Bharur,26.57142857142857,78.0,
SANGRUR24KMH,Sangrur24Kmh,26.857142857142858,78.0,
BAHADURSINGH,Bahadursingh,27.142857142857142,78.0,
DHURI48KMHR,Dhuri48Kmhr,27.428571428571427,78.0,
HIMMATANA72K,Himmatana72K,27.714285714285715,78.0,
MALERKOTLA83,Malerkotla83,28.0,78.0,
KUP86KMHR,Kup86Kmhr,28.285714285714285,78.0,
RHRAGHALUGHR,Rhraghalughr,28.57142857142857,78.0,
AHMADGARH9KM,Ahmadgarh9Km,28.85714285714285,78.0,
KILARAIPUR77,Kilaraipur77,29.142857142857142,78.0,
PRAYAGRAJ,Prayagraj,20.0,78.0,
FATEHPUR4KMH,Fatehpur4Kmh,20.3125,78.0,
JHINJHAK98KM,Jhinjhak98Km,20.9375,78.0,
ETAWAH130KMH,Etawah130Kmh,21.25,78.0,
BAH93KMHR,Bah93Kmhr,21.5625,78.0,
FATEHABAD100,Fatehabad100,21.875,78.0,
AGRACANTT82K,Agracantt82K,22.1875,78.0,
MATHURA67KMH,Mathura67Kmh,22.5,78.0,
GOVERDHAN59K,Goverdhan59K,22.8125,78.0,
DEEG110KMHR,Deeg110Kmhr,23.125,78.0,
BRIJNAGAR127,Brijnagar127,23.4375,78.0,
GOVINDGARH10,Govindgarh10,23.75,78.0,
RAMGARH113KM,Ramgarh113Km,24.0625,78.0,
ALWARJUNCTIO,Alwarjunctio,24.375,78.0,
RAJGARH81KMH,Rajgarh81Kmh,24.6875,78.0,
BANDIKUI128K,Bandikui128K,25.0,78.0,
DAUSAJUNCTIO,Dausajunctio,25.3125,78.0,
GANDHINAGARJ,Gandhinagarj,25.625,78.0,
JAIPUR51KMHR,Jaipur51Kmhr,25.9375,78.0,
RINGAS102KMH,Ringas102Kmh,26.25,78.0,
SIKAR109KMHR,Sikar109Kmhr,26.5625,78.0,
FATEHPURSHEK,Fatehpurshek,26.875,78.0,
CHURU103KMHR,Churu103Kmhr,27.1875,78.0,
RATANGARH114,Ratangarh114,27.5,78.0,
RAJALDESAR89,Rajaldesar89,27.8125,78.0,
SRIDUNGARGAR,Sridungargar,28.125,78.0,
BASA,Basa,28.4375,78.0,
SUDSAR,Sudsar,29.0625,78.0,
NAPASAR,Napasar,29.375,78.0,
BIKANER,Bikaner,29.6875,78.0,
LALGARH,Lalgarh,30.0,78.0,
SAIRANG,Sairang,20.0,78.0,
BHAIRABI45KM,Bhairabi45Km,20.344827586206897,78.0,
JAMIRA66KMHR,Jamira66Kmhr,20.6896551724138,78.0,
LALABAZAR92K,Lalabazar92K,21.03448275862069,78.0,
HAILAKANDI69,Hailakandi69,21.379310344827587,78.0,
BADARPUR39KM,Badarpur39Km,21.724137931034484,78.0,
NEWHAFLONG48,Newhaflong48,22.06896551724138,78.0,
HOJAI55KMHR,Hojai55Kmhr,22.41379310344828,78.0,
KAMPUR,Kampur,22.75862068965517,78.0,
GUWAHATI,Guwahati,23.448275862068964,78.0,
KAMAKHYA,Kamakhya,23.79310344827586,78.0,
GOALPARATOWN,Goalparatown,24.13793103448276,78.0,
ABHAYAPURIAS,Abhayapurias,24.48275862068965,78.0,
BILASIPARA,Bilasipara,24.82758620689655,78.0,
GAURIPUR,Gauripur,25.17241379310345,78.0,
GOLAKGANJ,Golakganj,25.517241379310345,78.0,
TUFANGANJ,Tufanganj,25.86206896551724,78.0,
NEWCOOCHBEHA,Newcoochbeha,26.20689655172414,78.0,
NEWJALPAIGUR,Newjalpaigur,26.55172413793104,78.0,
KISHANGANJ,Kishanganj,26.89655172413793,78.0,
MALDATOWN,Maldatown,27.24137931034483,78.0,
NEWFARAKKA,Newfarakka,27.58620689655172,78.0,
JANGIPURROAD,Jangipurroad,27.93103448275862,78.0,
AZIMGANJ,Azimganj,28.27586206896552,78.0,
MURSHIDABAD,Murshidabad,28.620689655172413,78.0,
BERHAMPORECR,Berhamporecr,28.96551724137931,78.0,
KRISHNGRCTY,Krishngrcty,29.310344827586206,78.0,
NAIHATI,Naihati,29.655172413793103,78.0,
KOLKATTATERM,Kolkattaterm,30.0,78.0,
VAPI,Vapi,20.0,78.0,
KARAMBELI,Karambeli,20.625,78.0,
BHILAD51KMHR,Bhilad51Kmhr,21.25,78.0,
SANJAN115KMH,Sanjan115Kmh,21.875,78.0,
UMBARGAMROAD,Umbargamroad,22.5,78.0,
GHOLVAD108KM,Gholvad108Km,23.125,78.0,
DAHANUROAD95,Dahanuroad95,23.75,78.0,
VANGAON113KM,Vangaon113Km,24.375,78.0,
BOISAR75KMHR,Boisar75Kmhr,25.0,78.0,
PALGHAR128KM,Palghar128Km,25.625,78.0,
KELVAROAD108,Kelvaroad108,26.25,78.0,
SAPHALE78KMH,Saphale78Kmh,26.875,78.0,
VAITARNA108K,Vaitarna108K,27.5,78.0,
VIRAR75KMHR,Virar75Kmhr,28.125,78.0,
BORIVALI82KM,Borivali82Km,28.75,78.0,
MUMBAICENTRA,Mumbaicentra,29.375,78.0,
DADAR,Dadar,20.0,78.0,
KALYAN78KMHR,Kalyan78Kmhr,20.37037037037037,78.0,
NASIKROAD70K,Nasikroad70K,20.74074074074074,78.0,
BHUSAVAL107K,Bhusaval107K,21.11111111111111,78.0,
HARDA13KMHR,Harda13Kmhr,21.48148148148148,78.0,
ITARSI90KMHR,Itarsi90Kmhr,21.85185185185185,78.0,
BINA90KMHR,Bina90Kmhr,22.59259259259259,78.0,
LALITPUR46KM,Lalitpur46Km,22.96296296296296,78.0,
TIKAMGARH106,Tikamgarh106,23.33333333333333,78.0,
KHARGAPUR119,Khargapur119,23.703703703703702,78.0,
MAHARAJACHHA,Maharajachha,24.07407407407408,78.0,
KHAJURAHO71K,Khajuraho71K,24.444444444444443,78.0,
MAHOBA98KMHR,Mahoba98Kmhr,24.814814814814817,78.0,
BANDA82KMHR,Banda82Kmhr,25.185185185185183,78.0,
CHITRAKOT88K,Chitrakot88K,25.55555555555556,78.0,
MANIKPUR41KM,Manikpur41Km,25.925925925925924,78.0,
DABHAURA,Dabhaura,26.296296296296298,78.0,
GYANPURROAD,Gyanpurroad,27.407407407407405,78.0,
BANARAS,Banaras,27.77777777777778,78.0,
AUNRIHAR,Aunrihar,28.51851851851852,78.0,
MAU,Mau,28.88888888888889,78.0,
BHATNI,Bhatni,29.25925925925926,78.0,
FIROZPURCANT,Firozpurcant,20.0,78.0,
FARIDKOT92KM,Faridkot92Km,20.32258064516129,78.0,
KOTKAPURA82K,Kotkapura82K,20.64516129032258,78.0,
BATHINDA103K,Bathinda103K,20.967741935483872,78.0,
MANSA128KMHR,Mansa128Kmhr,21.29032258064516,78.0,
JAKHAL117KMH,Jakhal117Kmh,21.61290322580645,78.0,
DHAMTANSAHIB,Dhamtansahib,21.935483870967744,78.0,
JIND95KMHR,Jind95Kmhr,22.258064516129032,78.0,
SAMARGOPALPU,Samargopalpu,22.580645161290324,78.0,
ROHTAK,Rohtak,23.225806451612904,78.0,
BAHADURGARH,Bahadurgarh,23.548387096774192,78.0,
SHAKURBASTI,Shakurbasti,23.870967741935484,78.0,
DELHISAFDARJ,Delhisafdarj,24.193548387096776,78.0,
FARIDABAD,Faridabad,24.516129032258064,78.0,
MATHURA,Mathura,24.83870967741936,78.0,
AGRACANTT,Agracantt,25.161290322580644,78.0,
GWALIOR,Gwalior,25.483870967741936,78.0,
BINA,Bina,26.12903225806452,78.0,
VIDISHA,Vidisha,26.451612903225808,78.0,
BHOPAL,Bhopal,26.774193548387096,78.0,
CHHATRAPATIS,Chhatrapatis,28.387096774193548,78.0,
JALNA,Jalna,28.70967741935484,78.0,
SELU,Selu,29.032258064516128,78.0,
PARBHANI,Parbhani,29.35483870967742,78.0,
PURNA,Purna,29.67741935483871,78.0,
NANDED,Nanded,30.0,78.0,
DARBHANGA,Darbhanga,20.0,78.0,
SAMASTIPUR55,Samastipur55,20.416666666666668,78.0,
BARAUNI18KMH,Barauni18Kmh,20.83333333333333,78.0,
KIUL2KMHR,Kiul2Kmhr,21.25,78.0,
JHAJHA84KMHR,Jhajha84Kmhr,21.666666666666668,78.0,
JASIDIH83KMH,Jasidih83Kmh,22.08333333333333,78.0,
MADHUPUR83KM,Madhupur83Km,22.5,78.0,
CHITTARANJAN,Chittaranjan,22.916666666666668,78.0,
DHANBAD68KMH,Dhanbad68Kmh,23.33333333333333,78.0,
BKSCNORHCABI,Bkscnorhcabi,23.75,78.0,
MURI,Muri,25.0,78.0,
RANCHI,Ranchi,25.416666666666668,78.0,
ROURKELA,Rourkela,25.833333333333336,78.0,
JHARSUGUDA,Jharsuguda,26.25,78.0,
BILASPUR,Bilaspur,26.666666666666668,78.0,
WADSA,Wadsa,28.333333333333336,78.0,
BALHARSHAH,Balharshah,28.75,78.0,
RAMGUNDAM,Ramgundam,29.166666666666668,78.0,
KAZIPET,Kazipet,29.583333333333336,78.0,
CHARLAPALLI,Charlapalli,30.0,78.0,
CHHIPADOHAR7,Chhipadohar7,20.256410256410252,78.0,
KUMENDI105KM,Kumendi105Km,20.76923076923077,78.0,
BENDI59KMHR,Bendi59Kmhr,21.025641025641026,78.0,
LATEHAR70KMH,Latehar70Kmh,21.28205128205128,78.0,
DEMU70KMHR,Demu70Kmhr,21.53846153846154,78.0,
RAY,Ray,23.846153846153847,78.0,
KOLE,Kole,24.102564102564106,78.0,
HENDEGIR,Hendegir,24.35897435897436,78.0,
TOKISUD,Tokisud,24.615384615384613,78.0,
PATRATU,Patratu,24.871794871794872,78.0,
BHURKUNDA,Bhurkunda,25.128205128205128,78.0,
BARKAKANA,Barkakana,25.384615384615383,78.0,
ARIGADA,Arigada,25.64102564102564,78.0,
RANCHIROAD,Ranchiroad,25.897435897435894,78.0,
KARMAHAT,Karmahat,26.41025641025641,78.0,
CHAINPUR,Chainpur,26.666666666666664,78.0,
DANEA,Danea,27.17948717948718,78.0,
DUMRIBIHARE,Dumribihare,27.435897435897434,78.0,
GUMIA,Gumia,27.692307692307693,78.0,
BERMO,Bermo,28.46153846153846,78.0,
AMLO,Amlo,28.717948717948715,78.0,
PHUSRO,Phusro,28.97435897435897,78.0,
BHANDARIDAH,Bhandaridah,29.23076923076923,78.0,
CHANDRAPURA,Chandrapura,29.487179487179485,78.0,
TELO,Telo,29.743589743589745,78.0,
NAGERCOILJUN,Nagercoiljun,20.0,78.0,
VALLIYUR95KM,Valliyur95Km,20.625,78.0,
TIRUNELVELI6,Tirunelveli6,21.25,78.0,
KOVILPATTI12,Kovilpatti12,21.875,78.0,
SATUR111KMHR,Satur111Kmhr,22.5,78.0,
VIRUDUNAGAR7,Virudunagar7,23.125,78.0,
MADURAI85KMH,Madurai85Kmh,23.75,78.0,
DINDIGUL97KM,Dindigul97Km,24.375,78.0,
KARUR125KMHR,Karur125Kmhr,25.0,78.0,
NAMAKKAL108K,Namakkal108K,25.625,78.0,
RASIPURAM114,Rasipuram114,26.25,78.0,
SALEM103KMHR,Salem103Kmhr,26.875,78.0,
DHARMAPURI76,Dharmapuri76,27.5,78.0,
HOSUR82KMHR,Hosur82Kmhr,28.125,78.0,
KARMELRAM,Karmelram,28.75,78.0,
SMVTBENGALUR,Smvtbengalur,30.0,78.0,
ANKUSPUR57KM,Ankuspur57Km,20.32258064516129,78.0,
SAHERI,Saheri,20.64516129032258,78.0,
NANDGANJ35KM,Nandganj35Km,20.967741935483872,78.0,
BASUCHAK,Basuchak,21.29032258064516,78.0,
TARAON22KMHR,Taraon22Kmhr,21.61290322580645,78.0,
SAIYEDPURBHT,Saiyedpurbht,21.935483870967744,78.0,
AUNRIHAR31KM,Aunrihar31Km,22.258064516129032,78.0,
RAJAWARI75KM,Rajawari75Km,22.580645161290324,78.0,
KADIPUR65KMH,Kadipur65Kmh,22.90322580645161,78.0,
SARNATH106KM,Sarnath106Km,23.225806451612904,78.0,
VARANASICITY,Varanasicity,23.548387096774192,78.0,
VARANASI15KM,Varanasi15Km,23.870967741935484,78.0,
LOHTA41KMHR,Lohta41Kmhr,24.193548387096776,78.0,
CHAUKHANDI95,Chaukhandi95,24.516129032258064,78.0,
SEWAPURI83KM,Sewapuri83Km,24.83870967741936,78.0,
KAPSETI78KMH,Kapseti78Kmh,25.161290322580644,78.0,
PARSIPUR75KM,Parsipur75Km,25.483870967741936,78.0,
BHADOHI77KMH,Bhadohi77Kmh,25.806451612903224,78.0,
MONDH84KMHR,Mondh84Kmhr,26.12903225806452,78.0,
SURIAWAN49KM,Suriawan49Km,26.451612903225808,78.0,
SARAIKANSRAI,Saraikansrai,27.096774193548388,78.0,
JANGHAI,Janghai,27.41935483870968,78.0,
BARYARAM,Baryaram,27.741935483870968,78.0,
UGRASENPUR,Ugrasenpur,28.064516129032256,78.0,
PHULPUR,Phulpur,28.387096774193548,78.0,
SARAICHANDI,Saraichandi,28.70967741935484,78.0,
THARWAI,Tharwai,29.032258064516128,78.0,
PHAPHAMAU,Phaphamau,29.35483870967742,78.0,
PRAYAG,Prayag,29.67741935483871,78.0,
PRAYAGRAJSAN,Prayagrajsan,30.0,78.0,
FALAKNUMA,Falaknuma,20.0,78.0,
HUPPUGUDA,Huppuguda,20.32258064516129,78.0,
YAKUTPURA,Yakutpura,20.64516129032258,78.0,
DABIRPURA,Dabirpura,20.967741935483872,78.0,
MALAKPET,Malakpet,21.29032258064516,78.0,
KACHEGUDA95K,Kacheguda95K,21.61290322580645,78.0,
SANATNAGAR4K,Sanatnagar4K,23.870967741935484,78.0,
HAFIZPETA,Hafizpeta,24.193548387096776,78.0,
NAGALAPALLE,Nagalapalle,24.83870967741936,78.0,
GULLAGUDA104,Gullaguda104,25.483870967741936,78.0,
CHITGIDDA73K,Chitgidda73K,25.806451612903224,78.0,
VIKARABAD51K,Vikarabad51K,26.12903225806452,78.0,
DHARUR,Dharur,27.096774193548388,78.0,
TANDUR,Tandur,27.741935483870968,78.0,
MANTATTI,Mantatti,28.064516129032256,78.0,
NAWANDGI,Nawandgi,28.387096774193548,78.0,
KURGUNTA,Kurgunta,28.70967741935484,78.0,
SEDAM,Sedam,29.032258064516128,78.0,
CHITTAPUR,Chittapur,29.67741935483871,78.0,
RAXAUL,Raxaul,20.0,78.0,
SAGAULI55KMH,Sagauli55Kmh,20.37037037037037,78.0,
CHAKIA31KMHR,Chakia31Kmhr,21.11111111111111,78.0,
MEHSI57KMHR,Mehsi57Kmhr,21.48148148148148,78.0,
MUZAFFARPUR2,Muzaffarpur2,21.85185185185185,78.0,
HAJIPUR76KMH,Hajipur76Kmh,22.22222222222222,78.0,
SONPUR33KMHR,Sonpur33Kmhr,22.59259259259259,78.0,
PATLIPUTRA47,Patliputra47,22.96296296296296,78.0,
DANAPUR35KMH,Danapur35Kmh,23.33333333333333,78.0,
ARA106KMHR,Ara106Kmhr,23.703703703703702,78.0,
BUXAR33KMHR,Buxar33Kmhr,24.074074074074076,78.0,
GAHMAR,Gahmar,24.444444444444443,78.0,
MANIKPUR,Manikpur,25.925925925925924,78.0,
SATNA,Satna,26.296296296296298,78.0,
IGATPURI,Igatpuri,28.88888888888889,78.0,
KALYAN,Kalyan,29.25925925925926,78.0,
THANE,Thane,29.62962962962963,78.0,
LOKMANYATILA,Lokmanyatila,30.0,78.0,
SHAHPURPATOR,Shahpurpator,20.32258064516129,78.0,
PATLIPUTRA3K,Patliputra3K,21.29032258064516,78.0,
BARUNA,Baruna,21.61290322580645,78.0,
DANAPUR,Danapur,22.258064516129032,78.0,
GOVINDPURI,Govindpuri,23.870967741935484,78.0,
IDGAH,Idgah,24.516129032258064,78.0,
BHARATPUR,Bharatpur,24.83870967741936,78.0,
BANDIKUI,Bandikui,25.161290322580644,78.0,
JAIPUR,Jaipur,26.12903225806452,78.0,
KISHANGARH,Kishangarh,26.451612903225808,78.0,
AJMER,Ajmer,26.774193548387096,78.0,
BEAWAR,Beawar,27.096774193548388,78.0,
MARWAR,Marwar,27.41935483870968,78.0,
FALNA,Falna,27.741935483870968,78.0,
ABUROAD,Aburoad,28.064516129032256,78.0,
MAHESANA,Mahesana,28.70967741935484,78.0,
CHANDLODIYAB,Chandlodiyab,29.032258064516128,78.0,
SURENDRANAGA,Surendranaga,29.35483870967742,78.0,
WANKANER,Wankaner,29.67741935483871,78.0,
RAJKOT,Rajkot,30.0,78.0,
JAYNAGAR,Jaynagar,20.0,78.0,
MADHUBANI105,Madhubani105,20.32258064516129,78.0,
SAKRI101KMHR,Sakri101Kmhr,20.64516129032258,78.0,
DARBHANGA25K,Darbhanga25K,20.967741935483872,78.0,
LAHERIASARAI,Laheriasarai,21.29032258064516,78.0,
SAMASTIPUR2K,Samastipur2K,21.61290322580645,78.0,
DHOLI70KMHR,Dholi70Kmhr,21.935483870967744,78.0,
MUZAFFARPUR8,Muzaffarpur8,22.258064516129032,78.0,
BHAGWANPUR69,Bhagwanpur69,22.580645161290324,78.0,
HAJIPUR58KMH,Hajipur58Kmh,22.90322580645161,78.0,
SONPUR35KMHR,Sonpur35Kmhr,23.225806451612904,78.0,
PATLIPUTRA40,Patliputra40,23.548387096774192,78.0,
DANAPUR8KMHR,Danapur8Kmhr,23.870967741935484,78.0,
ARA62KMHR,Ara62Kmhr,24.193548387096776,78.0,
KATNISOUTH,Katnisouth,26.774193548387096,78.0,
BHAIRABI63KM,Bhairabi63Km,20.476190476190474,78.0,
HAILAKANDI91,Hailakandi91,20.952380952380956,78.0,
BADARPUR49KM,Badarpur49Km,21.428571428571427,78.0,
NEWHAFLONG56,Newhaflong56,21.904761904761905,78.0,
HOJAI6KMHR,Hojai6Kmhr,22.38095238095238,78.0,
GUWAHATI103K,Guwahati103K,22.857142857142858,78.0,
RANGIYA93KMH,Rangiya93Kmh,23.33333333333333,78.0,
BARPETAROAD1,Barpetaroad1,23.80952380952381,78.0,
NEWBONGAIGAO,Newbongaigao,24.285714285714285,78.0,
MALDATOWN76K,Maldatown76K,25.714285714285715,78.0,
SAHIBGANJ95K,Sahibganj95K,26.19047619047619,78.0,
BHAGALPUR90K,Bhagalpur90K,26.666666666666664,78.0,
JAMALPUR91KM,Jamalpur91Km,27.142857142857142,78.0,
PATNA8KMHR,Patna8Kmhr,27.61904761904762,78.0,
ACHALDA,Achalda,29.047619047619047,78.0,
ERNAKULAM,Ernakulam,20.0,78.0,
ERNAKULAMTOW,Ernakulamtow,20.55555555555556,78.0,
IDAPALLI55KM,Idapalli55Km,21.11111111111111,78.0,
KALAMASSERI3,Kalamasseri3,21.666666666666668,78.0,
ALUVA70KMHR,Aluva70Kmhr,22.22222222222222,78.0,
CHOVVARA,Chovvara,22.77777777777778,78.0,
ANGAMALI16KM,Angamali16Km,23.33333333333333,78.0,
KARUKKUTTY75,Karukkutty75,23.88888888888889,78.0,
KORATTIANGAD,Korattiangad,24.444444444444443,78.0,
DIVINENAGARH,Divinenagarh,25.0,78.0,
CHALAKUDI6KM,Chalakudi6Km,25.55555555555556,78.0,
IRINJALAKUDA,Irinjalakuda,26.11111111111111,78.0,
NELLAYI,Nellayi,26.666666666666668,78.0,
PUDUKAD8KMHR,Pudukad8Kmhr,27.22222222222222,78.0,
OLLUR65KMHR,Ollur65Kmhr,27.77777777777778,78.0,
THRISUR65KMH,Thrisur65Kmh,28.333333333333336,78.0,
PUNKUNNAM95K,Punkunnam95K,28.88888888888889,78.0,
GURUVAYUR,Guruvayur,30.0,78.0,
BRAHMAPUR,Brahmapur,20.0,78.0,
ICHCHPURAM39,Ichchpuram39,20.33333333333333,78.0,
SOMPETA36KMH,Sompeta36Kmh,20.666666666666668,78.0,
MANDASAROAD2,Mandasaroad2,21.0,78.0,
PALASA76KMHR,Palasa76Kmhr,21.33333333333333,78.0,
PUNDI81KMHR,Pundi81Kmhr,21.666666666666668,78.0,
ROUTHPURAMHA,Routhpuramha,22.0,78.0,
NAUPADA2KMHR,Naupada2Kmhr,22.33333333333333,78.0,
DINDUGPURAMH,Dindugpuramh,23.0,78.0,
KOTABOMMALI,Kotabommali,23.33333333333333,78.0,
HRSCHNDRAPUR,Hrschndrapur,23.666666666666668,78.0,
TILARU,Tilaru,24.0,78.0,
URLAM,Urlam,24.33333333333333,78.0,
SRIKAKULAMRO,Srikakulamro,24.666666666666664,78.0,
DUSI,Dusi,25.0,78.0,
PONDURU,Ponduru,25.33333333333333,78.0,
SIGADAM,Sigadam,25.666666666666664,78.0,
BATUVA,Batuva,26.0,78.0,
CHIPURUPALLE,Chipurupalle,26.33333333333333,78.0,
GARIVIDI,Garividi,26.666666666666664,78.0,
NELLIMARIA,Nellimaria,27.0,78.0,
VIZIANAGRAM,Vizianagram,27.33333333333333,78.0,
KORUKONDA,Korukonda,27.666666666666664,78.0,
ALAMANDA,Alamanda,28.0,78.0,
KANTAKAPALLE,Kantakapalle,28.33333333333333,78.0,
KOTTAVALASA,Kottavalasa,28.666666666666664,78.0,
PENDURTI,Pendurti,29.0,78.0,
SIMHACHALAM,Simhachalam,29.33333333333333,78.0,
MARRIPALEMHA,Marripalemha,29.666666666666664,78.0,
VISAKHAPATNA,Visakhapatna,30.0,78.0,
NAIHATI76KMH,Naihati76Kmh,20.344827586206897,78.0,
KRISHNGRCTY8,Krishngrcty8,20.689655172413797,78.0,
MURSHIDABAD6,Murshidabad6,21.379310344827587,78.0,
AZIMGANJ55KM,Azimganj55Km,21.724137931034484,78.0,
NEWFARAKKA67,Newfarakka67,22.41379310344828,78.0,
MALDATOWN105,Maldatown105,22.75862068965517,78.0,
KISHANGANJ92,Kishanganj92,23.10344827586207,78.0,
TUFANGANJ21K,Tufanganj21K,24.13793103448276,78.0,
GOLAKGANJ85K,Golakganj85K,24.48275862068965,78.0,
GAURIPUR49KM,Gauripur49Km,24.82758620689655,78.0,
BILASIPARA81,Bilasipara81,25.17241379310345,78.0,
KAMAKHYA99KM,Kamakhya99Km,26.20689655172414,78.0,
GUWAHATI28KM,Guwahati28Km,26.55172413793104,78.0,
BARAHU,Barahu,26.89655172413793,78.0,
HOJAI,Hojai,27.58620689655172,78.0,
NEWHAFLONG,Newhaflong,27.93103448275862,78.0,
BADARPUR,Badarpur,28.27586206896552,78.0,
HAILAKANDI,Hailakandi,28.620689655172413,78.0,
LALABAZAR,Lalabazar,28.96551724137931,78.0,
JAMIRA,Jamira,29.310344827586206,78.0,
BHAIRABI,Bhairabi,29.655172413793103,78.0,
MAILANI71KMH,Mailani71Kmh,20.666666666666668,78.0,
LAKHIMPUR120,Lakhimpur120,21.33333333333333,78.0,
HARGAON100KM,Hargaon100Km,21.666666666666668,78.0,
SITAPUR109KM,Sitapur109Km,22.0,78.0,
SIDHAULI104K,Sidhauli104K,22.33333333333333,78.0,
LUCKNOWCITY3,Lucknowcity3,23.0,78.0,
AISHBAGH17KM,Aishbagh17Km,23.33333333333333,78.0,
LUCKNOW16KMH,Lucknow16Kmh,23.666666666666668,78.0,
GOMTINAGAR45,Gomtinagar45,24.33333333333333,78.0,
BARABANKI48K,Barabanki48K,24.666666666666664,78.0,
GONDA2KMHR,Gonda2Kmhr,25.0,78.0,
BALRAMPUR82K,Balrampur82K,25.33333333333333,78.0,
JHARKHANDI,Jharkhandi,25.666666666666664,78.0,
TULSIPUR72KM,Tulsipur72Km,26.0,78.0,
PACHPERWA62K,Pachperwa62K,26.33333333333333,78.0,
BARHNI102KMH,Barhni102Kmh,26.666666666666664,78.0,
SHOHRATGARH1,Shohratgarh1,27.0,78.0,
SIDDHARTHNAG,Siddharthnag,27.33333333333333,78.0,
USKABAZAR78K,Uskabazar78K,27.666666666666664,78.0,
BRIDGMANGANJ,Bridgmanganj,28.0,78.0,
ANANDNAGAR10,Anandnagar10,28.33333333333333,78.0,
CAMPIERGANJ6,Campierganj6,28.666666666666664,78.0,
PEPPEGANJ87K,Peppeganj87K,29.0,78.0,
MANIRAM81KMH,Maniram81Kmh,29.33333333333333,78.0,
GORAKHPUR14K,Gorakhpur14K,29.666666666666664,78.0,
PURATCHITHAL,Puratchithal,20.0,78.0,
TIRUVALLUR86,Tiruvallur86,20.33333333333333,78.0,
ARAKKONAM108,Arakkonam108,20.666666666666668,78.0,
TIRUTTANI76K,Tiruttani76K,21.0,78.0,
PUTTUR120KMH,Puttur120Kmh,21.33333333333333,78.0,
RENIGUNTA63K,Renigunta63K,21.666666666666668,78.0,
KODURU123KMH,Koduru123Kmh,22.0,78.0,
RAZAMPETA127,Razampeta127,22.33333333333333,78.0,
CUDDAPAH123K,Cuddapah123K,22.666666666666668,78.0,
YERRAGUNTLA1,Yerraguntla1,23.0,78.0,
TADIPATRI100,Tadipatri100,23.33333333333333,78.0,
GOOTY132KMHR,Gooty132Kmhr,23.666666666666668,78.0,
GUNTAKAL112K,Guntakal112K,24.0,78.0,
ADONI116KMHR,Adoni116Kmhr,24.33333333333333,78.0,
MANTHRALAYAM,Manthralayam,24.666666666666664,78.0,
RAICHUR127KM,Raichur127Km,25.0,78.0,
KRISHNA113KM,Krishna113Km,25.33333333333333,78.0,
YADGIR134KMH,Yadgir134Kmh,25.666666666666664,78.0,
WADI69KMHR,Wadi69Kmhr,26.0,78.0,
KALABURAGI70,Kalaburagi70,26.33333333333333,78.0,
SOLAPUR96KMH,Solapur96Kmh,26.666666666666664,78.0,
KURDUVADI139,Kurduvadi139,27.0,78.0,
DAUND126KMHR,Daund126Kmhr,27.33333333333333,78.0,
PUNE86KMHR,Pune86Kmhr,27.666666666666664,78.0,
KHADKI38KMHR,Khadki38Kmhr,28.0,78.0,
DAPODI,Dapodi,28.33333333333333,78.0,
BASTI41KMHR,Basti41Kmhr,20.83333333333333,78.0,
GONDA55KMHR,Gonda55Kmhr,21.666666666666668,78.0,
LUCKNOW4KMHR,Lucknow4Kmhr,22.5,78.0,
HARDOI95KMHR,Hardoi95Kmhr,23.33333333333333,78.0,
BAREILLYNR88,Bareillynr88,25.0,78.0,
MORADABAD74K,Moradabad74K,25.833333333333336,78.0,
GAJRAULA,Gajraula,26.666666666666668,78.0,
HAPUR,Hapur,28.333333333333336,78.0,
NEWDELHI,Newdelhi,30.0,78.0,
SAGMA37KMHR,Sagma37Kmhr,20.90909090909091,78.0,
HATI,Hati,21.818181818181817,78.0,
JAITWAR1KMHR,Jaitwar1Kmhr,22.727272727272727,78.0,
KHUTAHA155KM,Khutaha155Km,23.63636363636364,78.0,
CHITAHRA135K,Chitahra135K,24.545454545454547,78.0,
MAJHAGAWAN11,Majhagawan11,25.454545454545453,78.0,
TIKARIA54KMH,Tikaria54Kmh,26.363636363636363,78.0,
MARKUNDI31KM,Markundi31Km,27.272727272727277,78.0,
BANSAPAHAR,Bansapahar,29.09090909090909,78.0,
CHANDRAPURA7,Chandrapura7,20.31746031746032,78.0,
BHANDARIDAH6,Bhandaridah6,20.476190476190474,78.0,
AMLO24KMHR,Amlo24Kmhr,20.793650793650794,78.0,
BERMO55KMHR,Bermo55Kmhr,20.952380952380956,78.0,
DUMRIBIHARE8,Dumribihare8,21.58730158730159,78.0,
CHAINPUR62KM,Chainpur62Km,22.063492063492063,78.0,
UDHNA,Udhna,20.0,78.0,
CHALTHAN45KM,Chalthan45Km,20.4,78.0,
BARDOLI109KM,Bardoli109Km,20.8,78.0,
NANDURBAR5KM,Nandurbar5Km,21.2,78.0,
AMALNER129KM,Amalner129Km,21.6,78.0,
JALGAON93KMH,Jalgaon93Kmh,22.0,78.0,
BHUSAVAL75KM,Bhusaval75Km,22.4,78.0,
ITARSI121KMH,Itarsi121Kmh,23.2,78.0,
JABALPUR56KM,Jabalpur56Km,23.6,78.0,
KATNI54KMHR,Katni54Kmhr,24.0,78.0,
SATNA81KMHR,Satna81Kmhr,24.4,78.0,
MANIKPUR45KM,Manikpur45Km,24.8,78.0,
MIRZAPUR86KM,Mirzapur86Km,25.6,78.0,
SASARAM82KMH,Sasaram82Kmh,26.4,78.0,
DEHRIONSONE8,Dehrionsone8,26.8,78.0,
GAYA105KMHR,Gaya105Kmhr,27.2,78.0,
PAHARPUR,Paharpur,27.6,78.0,
KODERMA,Koderma,28.4,78.0,
PARASNATH,Parasnath,29.200000000000003,78.0,
DHANBAD,Dhanbad,30.0,78.0,
VAISHALI,Vaishali,20.0,78.0,
HAJIPUR48KMH,Hajipur48Kmh,20.666666666666668,78.0,
SONPUR55KMHR,Sonpur55Kmhr,21.33333333333333,78.0,
PATLIPUTRA43,Patliputra43,22.0,78.0,
PATNA54KMHR,Patna54Kmhr,22.666666666666668,78.0,
FATUHA,Fatuha,24.666666666666664,78.0,
BIHARSHARIF,Biharsharif,26.0,78.0,
NALANDA,Nalanda,26.666666666666664,78.0,
RAJGIR,Rajgir,27.33333333333333,78.0,
TILAYA,Tilaya,28.0,78.0,
GAYA,Gaya,28.666666666666664,78.0,
GURPA,Gurpa,29.33333333333333,78.0,
GURRA74KMHR,Gurra74Kmhr,20.303030303030305,78.0,
SONTALAI95KM,Sontalai95Km,20.60606060606061,78.0,
BAGRATAWA84K,Bagratawa84K,20.90909090909091,78.0,
GURAMKHEDI95,Guramkhedi95,21.21212121212121,78.0,
BANKHEDI68KM,Bankhedi68Km,22.12121212121212,78.0,
BOHANI88KMHR,Bohani88Kmhr,23.33333333333333,78.0,
KARELI120KMH,Kareli120Kmh,23.63636363636364,78.0,
NARSINGHPUR1,Narsinghpur1,23.939393939393938,78.0,
GHATPINDRAI8,Ghatpindrai8,24.24242424242424,78.0,
BELKHERA58KM,Belkhera58Km,24.545454545454547,78.0,
KARAKBEL78KM,Karakbel78Km,24.848484848484848,78.0,
SRIDHAM102KM,Sridham102Km,25.151515151515152,78.0,
BIKRAMPUR,Bikrampur,25.75757575757576,78.0,
BHITONI,Bhitoni,26.060606060606062,78.0,
BHERAGHAT,Bheraghat,26.363636363636363,78.0,
MADANMAHAL,Madanmahal,26.666666666666668,78.0,
ADHARTAL,Adhartal,27.272727272727277,78.0,
DEORI,Deori,27.575757575757574,78.0,
GOSALPUR,Gosalpur,27.87878787878788,78.0,
SIHORAROAD,Sihoraroad,28.18181818181818,78.0,
DUNDI,Dundi,28.484848484848484,78.0,
NIWAR,Niwar,29.393939393939394,78.0,
BALLIA,Ballia,20.0,78.0,
SAGARPALI,Sagarpali,20.217391304347824,78.0,
PHEPHNA45KMH,Phephna45Kmh,20.43478260869565,78.0,
CHITBARAGAON,Chitbaragaon,20.65217391304348,78.0,
TAJPURDEHMA,Tajpurdehma,20.869565217391305,78.0,
KARIMUDDINPU,Karimuddinpu,21.08695652173913,78.0,
DHONDHADIH,Dhondhadih,21.30434782608696,78.0,
YUSUFPUR42KM,Yusufpur42Km,21.52173913043478,78.0,
SHAHBAZKULI,Shahbazkuli,21.73913043478261,78.0,
FATEHPURATWA,Fatehpuratwa,21.956521739130437,78.0,
GHAZIPURGHAT,Ghazipurghat,22.17391304347826,78.0,
ANKUSPUR68KM,Ankuspur68Km,22.608695652173918,78.0,
NANDGANJ9KMH,Nandganj9Kmh,23.043478260869566,78.0,
TARAON5KMHR,Taraon5Kmhr,23.47826086956522,78.0,
AUNRIHAR45KM,Aunrihar45Km,23.91304347826087,78.0,
SIDHAOUNARAM,Sidhaounaram,24.130434782608692,78.0,
RAJAWARI2KMH,Rajawari2Kmh,24.347826086956523,78.0,
KADIPUR41KMH,Kadipur41Kmh,24.565217391304348,78.0,
SARNATH,Sarnath,25.0,78.0,
BHULANPUR,Bhulanpur,25.869565217391305,78.0,
HARDATTPUR,Hardattpur,26.08695652173913,78.0,
RAJATALAB,Rajatalab,26.30434782608696,78.0,
BAHERWAHALT,Baherwahalt,26.52173913043478,78.0,
NIGATPUR,Nigatpur,26.73913043478261,78.0,
KACHHWAROAD,Kachhwaroad,26.956521739130437,78.0,
KATKA,Katka,27.17391304347826,78.0,
MADHOSINGH,Madhosingh,27.39130434782609,78.0,
AHIMANPUR,Ahimanpur,27.608695652173918,78.0,
ALMAW,Almaw,27.82608695652174,78.0,
SARAIJAGDISH,Saraijagdish,28.26086956521739,78.0,
JANGIGANJ,Jangiganj,28.47826086956522,78.0,
ATRAURA,Atraura,28.695652173913043,78.0,
BHITI,Bhiti,28.913043478260867,78.0,
HANDIAKHAS,Handiakhas,29.130434782608692,78.0,
SAIDABAD,Saidabad,29.347826086956523,78.0,
RAMNATHPUR,Ramnathpur,29.565217391304348,78.0,
JHUSI,Jhusi,29.78260869565217,78.0,
PRAYAGRAJRAM,Prayagrajram,30.0,78.0,
MADHUBANI98K,Madhubani98K,20.625,78.0,
DARBHANGA2KM,Darbhanga2Km,21.25,78.0,
SAMASTIPUR32,Samastipur32,21.875,78.0,
BARAUNI20KMH,Barauni20Kmh,22.5,78.0,
MOKAMA23KMHR,Mokama23Kmhr,23.125,78.0,
PATNA42KMHR,Patna42Kmhr,24.375,78.0,
DANAPUR16KMH,Danapur16Kmh,25.0,78.0,
ARA103KMHR,Ara103Kmhr,25.625,78.0,
BUXAR32KMHR,Buxar32Kmhr,26.25,78.0,
PRAYAGRAJ86K,Prayagraj86K,27.5,78.0,
BULANDSHAHR,Bulandshahr,20.0,78.0,
BARAL87KMHR,Baral87Kmhr,20.5,78.0,
CHHAPRAWAT,Chhaprawat,21.0,78.0,
GULAOTHI1KMH,Gulaothi1Kmh,21.5,78.0,
HAFIZPUR72KM,Hafizpur72Km,22.0,78.0,
HAPUR55KMHR,Hapur55Kmhr,22.5,78.0,
KASTLAKASAMB,Kastlakasamb,23.0,78.0,
PILKHUA,Pilkhua,23.5,78.0,
DASNA71KMHR,Dasna71Kmhr,24.0,78.0,
ADHYATMIKNAG,Adhyatmiknag,24.5,78.0,
MAHRAULI2KMH,Mahrauli2Kmh,25.0,78.0,
SAHIBABAD,Sahibabad,26.5,78.0,
VIVEKAVIHAR,Vivekavihar,27.0,78.0,
DELHISHAHDAR,Delhishahdar,27.5,78.0,
DELHI,Delhi,28.0,78.0,
SADARBAZAR,Sadarbazar,28.5,78.0,
SHIVAJIBRIDG,Shivajibridg,29.5,78.0,
TILAKBRIDGE,Tilakbridge,30.0,78.0,
TIRUCHCHIRAP,Tiruchchirap,20.0,78.0,
PONMALAI25KM,Ponmalai25Km,20.4,78.0,
MANJATTIDAL,Manjattidal,20.8,78.0,
TIRUVERUMBUR,Tiruverumbur,21.2,78.0,
TONDAMANPATT,Tondamanpatt,21.6,78.0,
SOLAGAMPATTI,Solagampatti,22.0,78.0,
AIYANAPURAM,Aiyanapuram,22.4,78.0,
BUDALUR37KMH,Budalur37Kmh,22.8,78.0,
ALAKKUDI109K,Alakkudi109K,23.2,78.0,
THANJAVUR66K,Thanjavur66K,23.6,78.0,
TITTE86KMHR,Titte86Kmhr,24.0,78.0,
PASUPATIKOVI,Pasupatikovi,24.4,78.0,
AYYAMPET,Ayyampet,24.8,78.0,
PANDARAVADAI,Pandaravadai,25.2,78.0,
PAPANASAM,Papanasam,25.6,78.0,
SUNDARAPERUM,Sundaraperum,26.0,78.0,
SWAMIMALAI,Swamimalai,26.4,78.0,
DARASURAM,Darasuram,26.8,78.0,
KUMBAKONAM28,Kumbakonam28,27.2,78.0,
TIRUNAGESVAR,Tirunagesvar,27.6,78.0,
TIRUVIDALMAR,Tiruvidalmar,28.0,78.0,
ADUTURAI12KM,Aduturai12Km,28.4,78.0,
NARASINGAMPE,Narasingampe,29.200000000000003,78.0,
KUTTALAM,Kuttalam,29.6,78.0,
MAYILADUTURA,Mayiladutura,30.0,78.0,
MATHURA155KM,Mathura155Km,20.714285714285715,78.0,
SAWAIMADHOPU,Sawaimadhopu,21.428571428571427,78.0,
KOTA170KMHR,Kota170Kmhr,22.142857142857142,78.0,
RATLAM16KMHR,Ratlam16Kmhr,22.857142857142858,78.0,
DAHOD123KMHR,Dahod123Kmhr,23.571428571428573,78.0,
VADODARA115K,Vadodara115K,24.285714285714285,78.0,
BHARUCH149KM,Bharuch149Km,25.0,78.0,
SURAT135KMHR,Surat135Kmhr,25.714285714285715,78.0,
VALSAD128KMH,Valsad128Kmh,26.42857142857143,78.0,
VAPI108KMHR,Vapi108Kmhr,27.142857142857142,78.0,
SAPHALE,Saphale,27.857142857142858,78.0,
BORIVALI,Borivali,29.285714285714285,78.0,
SAMASTIPUR42,Samastipur42,20.833333333333332,78.0,NA
HAJIPUR67KMH,Hajipur67Kmh,22.5,78.0,NA
CHHAPRA61KMH,Chhapra61Kmh,23.333333333333332,78.0,NA
BALLIA77KMHR,Ballia77Kmhr,24.166666666666668,78.0,NA
VARANASI79KM,Varanasi79Km,25.833333333333336,78.0,NA
PRAYAGRAJ77K,Prayagraj77K,26.666666666666668,78.0,NA
MANAURI,Manauri,27.5,78.0,NA
MATHURA75KMH,Mathura75Kmh,20.76923076923077,78.0,NA
KOTA109KMHR,Kota109Kmhr,22.307692307692307,78.0,NA
NAGDA127KMHR,Nagda127Kmhr,23.076923076923077,78.0,NA
RATLAM63KMHR,Ratlam63Kmhr,23.846153846153847,78.0,NA
VADODARA120K,Vadodara120K,24.615384615384617,78.0,NA
SURAT123KMHR,Surat123Kmhr,25.384615384615387,78.0,NA
VASAIROAD,Vasairoad,27.692307692307693,78.0,NA
SANTRAGACHI,Santragachi,20.0,78.0,NA
KHARAGPUR74K,Kharagpur74K,20.416666666666668,78.0,NA
BALASORE74KM,Balasore74Km,20.833333333333332,78.0,NA
BHADRAKH22KM,Bhadrakh22Km,21.25,78.0,NA
CUTTACK4KMHR,Cuttack4Kmhr,21.666666666666668,78.0,NA
BHUBANESWAR6,Bhubaneswar6,22.083333333333332,78.0,NA
KHURDAROAD71,Khurdaroad71,22.5,78.0,NA
BRAHMAPUR130,Brahmapur130,22.916666666666668,78.0,NA
VIZIANAGRAM9,Vizianagram9,23.333333333333332,78.0,NA
DUVVADA70KMH,Duvvada70Kmh,23.75,78.0,NA
SAMALKOT,Samalkot,24.166666666666668,78.0,NA
VIJAYAWADA,Vijayawada,25.0,78.0,NA
GUNTUR,Guntur,25.416666666666668,78.0,NA
NARASARAOPET,Narasaraopet,25.833333333333336,78.0,NA
MARKAPURROAD,Markapurroad,26.25,78.0,NA
GIDDALUR,Giddalur,26.666666666666668,78.0,NA
NANDYAL,Nandyal,27.083333333333336,78.0,NA
DHONE,Dhone,27.5,78.0,NA
GOOTY,Gooty,27.916666666666668,78.0,NA
ANANTAPUR,Anantapur,28.333333333333336,78.0,NA
DHARMAVARAM,Dharmavaram,28.75,78.0,NA
SAIPNILAYAM,Saipnilayam,29.166666666666668,78.0,NA
HINDUPUR,Hindupur,29.583333333333336,78.0,NA
YELAHANKA,Yelahanka,30.0,78.0,NA
BORIVALI3KMH,Borivali3Kmh,21.11111111111111,78.0,NA
SURAT86KMHR,Surat86Kmhr,22.22222222222222,78.0,NA
VADODARA99KM,Vadodara99Km,23.333333333333332,78.0,NA
RATLAM111KMH,Ratlam111Kmh,24.444444444444443,78.0,NA
NAGDA86KMHR,Nagda86Kmhr,25.555555555555557,78.0,NA
KOTA,Kota,27.77777777777778,78.0,NA
MATHURA6KMHR,Mathura6Kmhr,21.11111111111111,78.0,NA
KOTA122KMHR,Kota122Kmhr,22.22222222222222,78.0,NA
NAGDA108KMHR,Nagda108Kmhr,23.333333333333332,78.0,NA
RATLAM57KMHR,Ratlam57Kmhr,24.444444444444443,78.0,NA
VADODARA,Vadodara,26.666666666666668,78.0,NA
SURAT,Surat,27.77777777777778,78.0,NA
CHANDIGARH,Chandigarh,20.0,78.0,NA
AMBALACANT10,Ambalacant10,20.27777777777778,78.0,NA
SAHARANPUR10,Saharanpur10,20.555555555555557,78.0,NA
MEERUTCITY92,Meerutcity92,20.833333333333332,78.0,NA
GHAZIABAD31K,Ghaziabad31K,21.11111111111111,78.0,NA
KOTA82KMHR,Kota82Kmhr,21.666666666666668,78.0,NA
UDHNA88KMHR,Udhna88Kmhr,22.5,78.0,NA
VANGAON,Vangaon,22.77777777777778,78.0,NA
PANVEL,Panvel,23.61111111111111,78.0,NA
ROHA,Roha,23.88888888888889,78.0,NA
RATNAGIRI,Ratnagiri,24.166666666666668,78.0,NA
THIVIM,Thivim,24.444444444444443,78.0,NA
MADGAONJUNCT,Madgaonjunct,24.72222222222222,78.0,NA
KARWAR,Karwar,25.0,78.0,NA
KUMTA,Kumta,25.27777777777778,78.0,NA
MOOKAMBIKARO,Mookambikaro,25.555555555555557,78.0,NA
KUNDAPURA,Kundapura,25.833333333333336,78.0,NA
UDUPI,Udupi,26.11111111111111,78.0,NA
MANGALOREJUN,Mangalorejun,26.38888888888889,78.0,NA
KASARAGOD,Kasaragod,26.666666666666668,78.0,NA
KANNUR,Kannur,26.944444444444443,78.0,NA
KOZHIKKODE,Kozhikkode,27.22222222222222,78.0,NA
SHORANUR,Shoranur,27.5,78.0,NA
THRISUR,Thrisur,27.77777777777778,78.0,NA
ALUVA,Aluva,28.055555555555557,78.0,NA
KOTTAYAM,Kottayam,28.61111111111111,78.0,NA
CHENGANNUR,Chengannur,28.88888888888889,78.0,NA
KAYANKULAM,Kayankulam,29.166666666666668,78.0,NA
KOLLAM,Kollam,29.444444444444443,78.0,NA
VARKALA,Varkala,29.72222222222222,78.0,NA
THIRUVANANTH,Thiruvananth,30.0,78.0,NA
KOTA93KMHR,Kota93Kmhr,20.322580645161292,78.0,NA
RATLAM18KMHR,Ratlam18Kmhr,20.64516129032258,78.0,NA
VADODARA118K,Vadodara118K,20.967741935483872,78.0,NA
UDHNA100KMHR,Udhna100Kmhr,21.29032258064516,78.0,NA
VASAIROAD119,Vasairoad119,21.612903225806452,78.0,NA
PANVEL74KMHR,Panvel74Kmhr,21.935483870967744,78.0,NA
ROHA102KMHR,Roha102Kmhr,22.258064516129032,78.0,NA
RATNAGIRI66K,Ratnagiri66K,22.580645161290324,78.0,NA
THIVIM69KMHR,Thivim69Kmhr,22.903225806451612,78.0,NA
KARWAR104KMH,Karwar104Kmh,23.548387096774192,78.0,NA
KUMTA120KMHR,Kumta120Kmhr,23.870967741935484,78.0,NA
KUNDAPURA8KM,Kundapura8Km,24.516129032258064,78.0,NA
UDUPI114KMHR,Udupi114Kmhr,24.838709677419356,78.0,NA
KASARAGOD107,Kasaragod107,25.483870967741936,78.0,NA
KANNUR108KMH,Kannur108Kmh,25.806451612903224,78.0,NA
KOZHIKKODE96,Kozhikkode96,26.129032258064516,78.0,NA
KALLAYI,Kallayi,26.451612903225808,78.0,NA
REWA,Rewa,20.0,78.0,NA
SATNA75KMHR,Satna75Kmhr,20.76923076923077,78.0,NA
KATNI103KMHR,Katni103Kmhr,21.53846153846154,78.0,NA
JABALPUR60KM,Jabalpur60Km,22.307692307692307,78.0,NA
PIPARIYA9KMH,Pipariya9Kmh,23.076923076923077,78.0,NA
ITARSI32KMHR,Itarsi32Kmhr,23.846153846153847,78.0,NA
BHUSAVAL79KM,Bhusaval79Km,25.384615384615387,78.0,NA
PARDHADE,Pardhade,26.153846153846153,78.0,NA
GURRA68KMHR,Gurra68Kmhr,20.303030303030305,78.0,NA
PIPARIYA126K,Pipariya126K,21.81818181818182,78.0,NA
KARELI,Kareli,23.636363636363637,78.0,NA
NARSINGHPUR2,Narsinghpur2,23.939393939393938,78.0,NA
GHATPINDRAI,Ghatpindrai,24.242424242424242,78.0,NA
BELKHERA6KMH,Belkhera6Kmh,24.545454545454547,78.0,NA
BIKRAMPUR115,Bikrampur115,25.454545454545453,78.0,NA
BHITONI87KMH,Bhitoni87Kmh,25.757575757575758,78.0,NA
BHERAGHAT112,Bheraghat112,26.060606060606062,78.0,NA
MADANMAHAL11,Madanmahal11,26.363636363636363,78.0,NA
JABALPUR28KM,Jabalpur28Km,26.666666666666668,78.0,NA
ADHARTAL75KM,Adhartal75Km,26.96969696969697,78.0,NA
DEORI77KMHR,Deori77Kmhr,27.272727272727273,78.0,NA
GOSALPUR106K,Gosalpur106K,27.575757575757578,78.0,NA
SIHORAROAD95,Sihoraroad95,27.87878787878788,78.0,NA
DUNDI110KMHR,Dundi110Kmhr,28.18181818181818,78.0,NA
